0,14,-55.5000,14,0.0000,0,0,0,0.0920,going,going,going
1,12,-54.4000,12,0.0000,0,0,0,0.0811,out,out,going
2,14,-53.0000,14,0.0000,0,0,0,0.0837,landed,going,going
3,5,-23.3000,5,0.0000,0,0,0,0.0748,going,going,collision
4,10,-37.7500,10,0.0000,0,0,0,0.0680,going,going,out
5,5,-23.3000,5,0.0000,0,0,0,0.0822,out,landed,going
6,17,-67.1000,17,0.0000,0,0,0,0.0777,out,going,out
7,11,-37.4000,11,0.0000,0,0,0,0.0777,out,going,going
8,11,-16.1000,11,0.0000,0,0,0,0.0678,going,going,going
9,6,-7.1000,6,0.0000,0,0,0,0.0443,going,out,landed
10,6,-9.8500,6,0.0000,0,0,0,0.0439,out,landed,going
11,5,-14.3000,5,0.0000,0,0,0,0.0429,out,going,going
12,7,-10.9000,7,0.0000,0,0,0,0.0396,going,landed,going
13,5,-8.0000,5,0.0000,0,0,0,0.0409,landed,going,landed
14,5,-7.9500,5,0.0000,0,0,0,0.0431,going,going,landed
15,7,-37.3000,7,0.0000,0,0,0,0.0659,going,going,landed
16,7,-24.4000,7,0.0000,0,0,0,0.0830,out,going,out
17,5,-8.0000,5,0.0000,0,0,0,0.0802,going,out,going
18,8,-39.1000,8,0.0000,0,0,0,0.0701,out,out,out
19,4,-17.4000,4,0.0000,0,0,0,0.0671,going,out,going
20,9,-40.8500,9,0.0000,0,0,0,0.0718,going,landed,out
21,5,-21.1000,5,0.0000,0,0,0,0.0651,going,out,out
22,8,-30.2000,8,0.0000,0,0,0,0.0809,out,going,out
23,5,-19.0500,5,0.0000,0,0,0,0.0657,going,out,out
24,4,-12.9000,4,0.0000,0,0,0,0.0684,going,out,going
25,4,-19.6000,4,0.0000,0,0,0,0.0697,going,going,landed
26,19,-98.3000,19,0.0000,0,0,0,0.0763,going,going,going
27,8,-36.7000,8,0.0000,0,0,0,0.0690,out,going,going
28,11,-39.5500,11,0.0000,0,0,0,0.0683,out,going,out
29,10,-42.1000,10,0.0000,0,0,0,0.0732,going,going,out
30,9,-36.5500,9,0.0000,0,0,0,0.0781,going,out,going
31,9,-45.2000,9,0.0000,0,0,0,0.0718,out,going,out
32,6,-22.8000,6,0.0000,0,0,0,0.0757,going,out,going
33,7,-33.2000,7,0.0000,0,0,0,0.0664,going,going,out
34,5,-14.4000,5,0.0000,0,0,0,0.0670,going,out,out
35,6,-31.6000,6,0.0000,0,0,0,0.0749,going,going,going
36,6,-27.2000,6,0.0000,0,0,0,0.0579,going,going,going
37,6,-16.0000,6,0.0000,0,0,0,0.0683,going,going,out
38,7,-22.1000,7,0.0000,0,0,0,0.0687,landed,out,going
39,6,-22.9500,6,0.0000,0,0,0,0.0698,out,going,going
40,6,-20.6000,6,0.0000,0,0,0,0.0610,going,going,going
41,10,-35.9000,10,0.0000,0,0,0,0.0743,landed,out,out
42,6,-22.7000,6,0.0000,0,0,0,0.0663,going,going,out
43,14,-46.6000,14,0.0000,0,0,0,0.0661,going,going,going
44,4,-12.9000,4,0.0000,0,0,0,0.0649,going,landed,going
45,5,-10.1000,5,0.0000,0,0,0,0.0659,going,out,going
46,4,-17.3000,4,0.0000,0,0,0,0.0678,going,landed,going
47,9,-36.2500,9,0.0000,0,0,0,0.0719,going,out,going
48,7,-37.3000,7,0.0000,0,0,0,0.0622,going,going,out
49,14,-66.5500,14,0.0000,0,0,0,0.0703,going,going,landed
50,6,-27.2000,6,0.0000,0,0,0,0.0697,out,out,going
51,9,-25.4500,9,0.0000,0,0,0,0.0667,going,going,going
52,5,-20.9000,5,0.0000,0,0,0,0.0684,going,out,going
53,8,-28.3500,8,0.0000,0,0,0,0.0835,out,going,going
54,6,-20.6500,6,0.0000,0,0,0,0.0761,out,landed,out
55,5,-18.9000,5,0.0000,0,0,0,0.0726,out,out,going
56,12,-54.4000,12,0.0000,0,0,0,0.0680,out,going,going
57,5,-21.0000,5,0.0000,0,0,0,0.0670,going,out,going
58,4,-15.1000,4,0.0000,0,0,0,0.0578,out,landed,out
59,11,-44.0000,11,0.0000,0,0,0,0.0726,going,going,landed
60,8,-30.4500,8,0.0000,0,0,0,0.0819,out,going,out
61,11,-48.2500,11,0.0000,0,0,0,0.0749,going,going,out
62,5,-21.3500,5,0.0000,0,0,0,0.0762,out,going,going
63,4,-17.3000,4,0.0000,0,0,0,0.0663,landed,going,going
64,6,-24.8000,6,0.0000,0,0,0,0.0760,landed,out,out
65,5,-21.2000,5,0.0000,0,0,0,0.0612,going,out,going
66,8,-37.0000,8,0.0000,0,0,0,0.0771,going,going,out
67,7,-19.8000,7,0.0000,0,0,0,0.0665,going,going,going
68,5,-18.9000,5,0.0000,0,0,0,0.0687,going,out,landed
69,4,-10.7000,4,0.0000,0,0,0,0.0819,out,landed,going
70,10,-31.3000,10,0.0000,0,0,0,0.0655,landed,going,going
71,7,-35.4000,7,0.0000,0,0,0,0.0693,going,going,out
72,7,-26.6000,7,0.0000,0,0,0,0.0786,out,out,landed
73,5,-14.5000,5,0.0000,0,0,0,0.0746,out,out,going
74,3,-13.5000,3,0.0000,0,0,0,0.0764,going,out,going
75,7,-26.4000,7,0.0000,0,0,0,0.0814,out,going,going
76,8,-32.7500,8,0.0000,0,0,0,0.0829,out,going,going
77,5,-19.1500,5,0.0000,0,0,0,0.0709,out,going,going
78,6,-20.4000,6,0.0000,0,0,0,0.0640,going,going,landed
79,7,-33.1000,7,0.0000,0,0,0,0.0819,out,out,out
80,4,-15.2000,4,0.0000,0,0,0,0.0746,going,going,out
81,5,-27.7000,5,0.0000,0,0,0,0.0625,going,out,out
82,5,-21.1000,5,0.0000,0,0,0,0.0769,going,going,going
83,11,-48.2000,11,0.0000,0,0,0,0.0691,out,going,going
84,6,-22.8000,6,0.0000,0,0,0,0.0732,out,out,out
85,6,-29.4000,6,0.0000,0,0,0,0.0642,going,out,out
86,6,-20.4000,6,0.0000,0,0,0,0.0703,going,going,out
87,8,-32.5000,8,0.0000,0,0,0,0.0659,going,going,out
88,9,-29.6500,9,0.0000,0,0,0,0.0693,out,going,going
89,9,-31.9000,9,0.0000,0,0,0,0.0676,going,out,going
90,9,-34.0000,9,0.0000,0,0,0,0.0665,out,out,out
91,5,-14.8000,5,0.0000,0,0,0,0.0694,going,out,out
92,15,-54.7000,15,0.0000,0,0,0,0.0773,going,going,going
93,10,-40.3500,10,0.0000,0,0,0,0.0705,out,going,going
94,6,-27.3500,6,0.0000,0,0,0,0.0617,going,going,out
95,5,-18.9000,5,0.0000,0,0,0,0.0615,going,out,out
96,6,-25.0000,6,0.0000,0,0,0,0.0692,out,out,out
97,5,-25.5000,5,0.0000,0,0,0,0.0668,going,going,landed
98,8,-30.1500,8,0.0000,0,0,0,0.0721,going,going,going
99,5,-21.2000,5,0.0000,0,0,0,0.0680,going,going,going
100,8,-41.5500,8,0.0000,0,0,0,0.0769,going,out,out
101,5,-27.8000,5,0.0000,0,0,0,0.0659,going,landed,going
102,6,-29.3000,6,0.0000,0,0,0,0.0671,landed,going,out
103,7,-30.8000,7,0.0000,0,0,0,0.0601,going,out,out
104,3,-13.5000,3,0.0000,0,0,0,0.0651,going,going,landed
105,8,-30.4500,8,0.0000,0,0,0,0.0727,going,landed,out
106,5,-23.4000,5,0.0000,0,0,0,0.0665,out,landed,out
107,11,-54.8000,11,0.0000,0,0,0,0.0730,going,out,going
108,10,-33.6000,10,0.0000,0,0,0,0.0775,going,going,out
109,9,-42.9000,9,0.0000,0,0,0,0.0619,going,going,out
110,6,-24.9000,6,0.0000,0,0,0,0.0619,out,going,going
111,8,-32.6000,8,0.0000,0,0,0,0.0645,out,going,going
112,5,-14.9000,5,0.0000,0,0,0,0.0708,going,going,out
113,18,-81.7500,18,0.0000,0,0,0,0.0827,going,out,out
114,5,-20.7000,5,0.0000,0,0,0,0.0692,going,out,going
115,11,-50.5000,11,0.0000,0,0,0,0.0687,landed,going,going
116,9,-38.6000,9,0.0000,0,0,0,0.0712,out,going,out
117,3,-13.5000,3,0.0000,0,0,0,0.0783,out,going,landed
118,10,-55.2000,10,0.0000,0,0,0,0.0672,out,going,out
119,6,-16.0000,6,0.0000,0,0,0,0.0793,out,going,out
120,6,-27.2000,6,0.0000,0,0,0,0.0689,going,going,out
121,6,-31.6500,6,0.0000,0,0,0,0.0638,going,landed,out
122,9,-38.5000,9,0.0000,0,0,0,0.0649,out,out,going
123,7,-28.8000,7,0.0000,0,0,0,0.0631,going,going,going
124,4,-17.3000,4,0.0000,0,0,0,0.0610,going,landed,going
125,8,-36.9000,8,0.0000,0,0,0,0.0812,out,going,going
126,3,-15.7000,3,0.0000,0,0,0,0.0641,going,out,out
127,8,-21.5000,8,0.0000,0,0,0,0.0724,going,going,going
128,5,-19.0000,5,0.0000,0,0,0,0.0655,out,going,out
129,4,-12.8000,4,0.0000,0,0,0,0.0705,landed,going,going
130,11,-52.9500,11,0.0000,0,0,0,0.0676,going,landed,out
131,5,-20.9000,5,0.0000,0,0,0,0.0674,landed,out,going
132,5,-21.1000,5,0.0000,0,0,0,0.0679,out,going,going
133,4,-13.0500,4,0.0000,0,0,0,0.0794,out,out,going
134,9,-45.1000,9,0.0000,0,0,0,0.0649,going,going,going
135,5,-23.4000,5,0.0000,0,0,0,0.0746,out,out,going
136,8,-37.0000,8,0.0000,0,0,0,0.0765,going,out,going
137,8,-32.4000,8,0.0000,0,0,0,0.0701,going,out,landed
138,5,-16.8000,5,0.0000,0,0,0,0.0663,going,going,out
139,11,-34.8000,11,0.0000,0,0,0,0.0818,out,going,going
140,10,-42.6000,10,0.0000,0,0,0,0.0644,going,going,going
141,6,-25.0500,6,0.0000,0,0,0,0.0759,out,going,going
142,6,-27.2000,6,0.0000,0,0,0,0.0657,going,going,going
143,8,-37.0000,8,0.0000,0,0,0,0.0641,going,out,out
144,5,-21.1000,5,0.0000,0,0,0,0.0616,going,going,going
145,9,-34.1000,9,0.0000,0,0,0,0.0800,out,going,out
146,12,-58.7500,12,0.0000,0,0,0,0.0726,going,out,going
147,3,-13.6500,3,0.0000,0,0,0,0.0657,going,going,landed
148,8,-30.3500,8,0.0000,0,0,0,0.0567,going,going,going
149,5,-25.6000,5,0.0000,0,0,0,0.0645,out,going,going
150,6,-20.5000,6,0.0000,0,0,0,0.0715,out,going,going
151,11,-54.7000,11,0.0000,0,0,0,0.0645,landed,going,out
152,5,-16.5000,5,0.0000,0,0,0,0.0696,landed,going,going
153,5,-21.2000,5,0.0000,0,0,0,0.0667,going,landed,going
154,8,-30.4000,8,0.0000,0,0,0,0.0696,going,landed,going
155,5,-25.6000,5,0.0000,0,0,0,0.0740,going,going,out
156,5,-21.1000,5,0.0000,0,0,0,0.0670,going,going,out
157,8,-30.4000,8,0.0000,0,0,0,0.0728,going,going,out
158,5,-18.8000,5,0.0000,0,0,0,0.0705,out,out,out
159,9,-36.3000,9,0.0000,0,0,0,0.0628,going,landed,out
160,25,-114.6000,25,0.0000,0,0,0,0.0758,going,landed,out
161,4,-15.2000,4,0.0000,0,0,0,0.0694,going,out,going
162,5,-25.6000,5,0.0000,0,0,0,0.0681,going,out,going
163,23,-85.1000,23,0.0000,0,0,0,0.0742,going,out,landed
164,26,-131.9500,26,0.0000,0,0,0,0.0799,going,landed,going
165,8,-28.0000,8,0.0000,0,0,0,0.0675,out,out,landed
166,10,-57.6000,10,0.0000,0,0,0,0.0619,going,going,landed
167,6,-20.4000,6,0.0000,0,0,0,0.0703,out,going,going
168,7,-39.6000,7,0.0000,0,0,0,0.0695,going,out,going
169,6,-22.7000,6,0.0000,0,0,0,0.0672,going,out,going
170,4,-15.2500,4,0.0000,0,0,0,0.0708,out,out,going
171,7,-24.2000,7,0.0000,0,0,0,0.0722,landed,going,out
172,12,-50.0000,12,0.0000,0,0,0,0.0626,going,out,landed
173,9,-34.0000,9,0.0000,0,0,0,0.0656,out,going,going
174,12,-47.5500,12,0.0000,0,0,0,0.0782,out,going,landed
175,10,-35.9000,10,0.0000,0,0,0,0.0695,landed,going,going
176,5,-21.1500,5,0.0000,0,0,0,0.0733,out,going,going
177,6,-25.2000,6,0.0000,0,0,0,0.0690,going,going,going
178,19,-63.2500,19,0.0000,0,0,0,0.0692,going,out,landed
179,5,-21.0500,5,0.0000,0,0,0,0.0637,going,going,going
180,7,-28.5000,7,0.0000,0,0,0,0.0723,going,going,going
181,9,-40.8000,9,0.0000,0,0,0,0.0713,out,going,going
182,6,-31.5000,6,0.0000,0,0,0,0.0688,going,out,out
183,7,-28.8000,7,0.0000,0,0,0,0.0665,out,out,out
184,6,-29.4000,6,0.0000,0,0,0,0.0644,going,going,landed
185,4,-17.2000,4,0.0000,0,0,0,0.0667,going,out,going
186,5,-19.0000,5,0.0000,0,0,0,0.0587,going,going,out
187,10,-51.2000,10,0.0000,0,0,0,0.0715,out,going,going
188,6,-25.0500,6,0.0000,0,0,0,0.0761,going,going,going
189,8,-34.7000,8,0.0000,0,0,0,0.0726,out,out,going
190,2,-7.6000,2,0.0000,0,0,0,0.0613,landed,going,going
191,9,-23.0000,9,0.0000,0,0,0,0.0608,landed,out,going
192,10,-46.8000,10,0.0000,0,0,0,0.0627,going,going,going
193,8,-28.4500,8,0.0000,0,0,0,0.0696,going,going,out
194,11,-55.2000,11,0.0000,0,0,0,0.0691,going,out,going
195,8,-34.9000,8,0.0000,0,0,0,0.0711,going,out,landed
196,7,-33.1000,7,0.0000,0,0,0,0.0699,out,going,going
197,10,-40.2000,10,0.0000,0,0,0,0.0758,out,going,landed
198,10,-42.3000,10,0.0000,0,0,0,0.0650,out,going,going
199,8,-39.2000,8,0.0000,0,0,0,0.0582,out,landed,going
200,4,-10.8500,4,0.0000,0,0,0,0.0798,out,going,landed
201,5,-21.1000,5,0.0000,0,0,0,0.0658,out,out,going
202,10,-46.6500,10,0.0000,0,0,0,0.0673,going,going,landed
203,13,-51.4000,13,0.0000,0,0,0,0.0663,out,going,landed
204,11,-52.8000,11,0.0000,0,0,0,0.0674,going,going,out
205,4,-15.1000,4,0.0000,0,0,0,0.0637,out,out,going
206,9,-31.9000,9,0.0000,0,0,0,0.0783,out,going,out
207,10,-37.9000,10,0.0000,0,0,0,0.0721,going,going,out
208,5,-19.0000,5,0.0000,0,0,0,0.0718,going,landed,going
209,8,-39.1000,8,0.0000,0,0,0,0.0724,going,going,going
210,11,-43.6000,11,0.0000,0,0,0,0.0726,landed,going,going
211,4,-15.0500,4,0.0000,0,0,0,0.0629,going,out,out
212,7,-31.0000,7,0.0000,0,0,0,0.0798,out,going,landed
213,5,-18.9000,5,0.0000,0,0,0,0.0683,going,out,out
214,9,-21.1500,9,0.0000,0,0,0,0.0692,going,going,going
215,4,-12.9000,4,0.0000,0,0,0,0.0688,going,out,going
216,7,-15.6500,7,0.0000,0,0,0,0.0725,going,going,out
217,10,-37.8000,10,0.0000,0,0,0,0.0701,going,out,out
218,8,-36.9000,8,0.0000,0,0,0,0.0726,going,going,going
219,30,-120.7500,30,0.0000,0,0,0,0.0737,going,going,out
220,4,-17.3000,4,0.0000,0,0,0,0.0715,going,landed,going
221,6,-22.7000,6,0.0000,0,0,0,0.0796,going,out,out
222,4,-17.3000,4,0.0000,0,0,0,0.0662,going,going,landed
223,7,-28.8000,7,0.0000,0,0,0,0.0642,going,going,going
224,7,-26.6000,7,0.0000,0,0,0,0.0639,out,going,going
225,7,-31.0500,7,0.0000,0,0,0,0.0741,going,out,landed
226,6,-20.6000,6,0.0000,0,0,0,0.0695,out,going,going
227,5,-21.2000,5,0.0000,0,0,0,0.0668,going,out,landed
228,6,-20.7500,6,0.0000,0,0,0,0.0731,out,going,out
229,14,-42.1500,14,0.0000,0,0,0,0.0799,collision,going,landed
230,6,-25.0000,6,0.0000,0,0,0,0.0687,going,going,going
231,8,-33.0500,8,0.0000,0,0,0,0.0757,going,out,going
232,8,-25.9000,8,0.0000,0,0,0,0.0772,out,out,landed
233,7,-26.3000,7,0.0000,0,0,0,0.0786,out,out,going
234,5,-18.9000,5,0.0000,0,0,0,0.0645,out,landed,going
235,4,-15.2000,4,0.0000,0,0,0,0.0725,going,out,going
236,6,-24.9000,6,0.0000,0,0,0,0.0806,out,going,going
237,5,-29.8000,5,0.0000,0,0,0,0.0705,going,out,out
238,8,-45.8000,8,0.0000,0,0,0,0.0661,out,going,going
239,7,-28.5500,7,0.0000,0,0,0,0.0617,going,out,going
240,7,-26.6000,7,0.0000,0,0,0,0.0687,out,going,going
241,4,-15.1000,4,0.0000,0,0,0,0.0682,landed,going,going
242,5,-16.7000,5,0.0000,0,0,0,0.0710,going,going,going
243,11,-57.2000,11,0.0000,0,0,0,0.0739,landed,landed,landed
244,8,-32.4500,8,0.0000,0,0,0,0.0683,going,going,going
245,6,-18.3000,6,0.0000,0,0,0,0.0790,out,going,out
246,12,-54.2000,12,0.0000,0,0,0,0.0728,going,out,going
247,4,-17.3500,4,0.0000,0,0,0,0.0661,going,going,going
248,7,-30.8000,7,0.0000,0,0,0,0.0657,out,going,landed
249,7,-22.1000,7,0.0000,0,0,0,0.0765,out,going,going
250,13,-58.1000,13,0.0000,0,0,0,0.0743,landed,going,going
251,6,-22.8000,6,0.0000,0,0,0,0.0821,out,going,out
252,9,-31.9000,9,0.0000,0,0,0,0.0688,going,going,going
253,10,-37.9000,10,0.0000,0,0,0,0.0704,going,going,going
254,9,-23.1500,9,0.0000,0,0,0,0.0756,going,out,going
255,4,-17.3000,4,0.0000,0,0,0,0.0692,going,going,going
256,5,-18.8000,5,0.0000,0,0,0,0.0813,going,out,landed
257,4,-12.9000,4,0.0000,0,0,0,0.0672,going,going,going
258,7,-35.2500,7,0.0000,0,0,0,0.0671,going,going,out
259,6,-25.0000,6,0.0000,0,0,0,0.0611,going,landed,out
260,3,-13.5000,3,0.0000,0,0,0,0.0657,out,landed,out
261,8,-37.0000,8,0.0000,0,0,0,0.0733,going,out,going
262,11,-41.7000,11,0.0000,0,0,0,0.0729,landed,landed,out
263,6,-22.8000,6,0.0000,0,0,0,0.0669,out,out,out
264,4,-15.1000,4,0.0000,0,0,0,0.0685,going,out,going
265,9,-36.2000,9,0.0000,0,0,0,0.0650,landed,going,going
266,9,-40.3000,9,0.0000,0,0,0,0.0810,out,out,landed
267,7,-30.8000,7,0.0000,0,0,0,0.0657,going,going,going
268,9,-38.6500,9,0.0000,0,0,0,0.0605,going,going,out
269,7,-28.7000,7,0.0000,0,0,0,0.0706,out,going,landed
270,11,-59.2000,11,0.0000,0,0,0,0.0761,out,going,out
271,6,-20.6500,6,0.0000,0,0,0,0.0699,going,out,out
272,10,-39.9000,10,0.0000,0,0,0,0.0676,going,going,out
273,6,-16.1000,6,0.0000,0,0,0,0.0714,out,landed,going
274,7,-30.9000,7,0.0000,0,0,0,0.0735,out,landed,going
275,8,-36.9000,8,0.0000,0,0,0,0.0607,out,out,going
276,11,-43.7000,11,0.0000,0,0,0,0.0762,out,out,going
277,7,-30.9000,7,0.0000,0,0,0,0.0699,out,landed,going
278,6,-29.4000,6,0.0000,0,0,0,0.0674,going,going,out
279,7,-31.0000,7,0.0000,0,0,0,0.0739,out,going,landed
280,5,-21.1500,5,0.0000,0,0,0,0.0660,going,landed,going
281,6,-22.6000,6,0.0000,0,0,0,0.0809,going,out,out
282,6,-25.0000,6,0.0000,0,0,0,0.0745,out,landed,out
283,8,-34.8000,8,0.0000,0,0,0,0.0718,out,out,out
284,11,-52.8000,11,0.0000,0,0,0,0.0836,collision,going,out
285,7,-26.3000,7,0.0000,0,0,0,0.0680,going,out,going
286,3,-13.5000,3,0.0000,0,0,0,0.0612,going,out,out
287,4,-17.3000,4,0.0000,0,0,0,0.0663,out,out,going
288,5,-21.1000,5,0.0000,0,0,0,0.0606,going,going,landed
289,8,-37.0000,8,0.0000,0,0,0,0.0718,going,out,out
290,10,-37.9000,10,0.0000,0,0,0,0.0829,out,going,out
291,6,-27.1000,6,0.0000,0,0,0,0.0668,out,landed,out
292,14,-68.3500,14,0.0000,0,0,0,0.0661,out,out,landed
293,8,-32.5000,8,0.0000,0,0,0,0.0694,out,out,going
294,10,-38.1500,10,0.0000,0,0,0,0.0778,out,going,going
295,6,-24.7000,6,0.0000,0,0,0,0.0709,out,out,out
296,6,-9.5500,6,0.0000,0,0,0,0.0649,going,out,out
297,6,-25.0000,6,0.0000,0,0,0,0.0700,going,landed,going
298,6,-18.2500,6,0.0000,0,0,0,0.0695,going,going,out
299,6,-29.4000,6,0.0000,0,0,0,0.0688,out,going,out
300,3,-13.5000,3,0.0000,0,0,0,0.0666,going,landed,going
301,8,-32.4000,8,0.0000,0,0,0,0.0788,out,going,out
302,4,-10.6000,4,0.0000,0,0,0,0.0761,out,landed,going
303,5,-18.7000,5,0.0000,0,0,0,0.0728,landed,out,out
304,5,-18.5000,5,0.0000,0,0,0,0.0686,out,going,going
305,11,-52.5000,11,0.0000,0,0,0,0.0734,out,going,out
306,6,-20.5000,6,0.0000,0,0,0,0.0767,out,going,out
307,8,-39.2000,8,0.0000,0,0,0,0.0677,going,going,going
308,8,-43.6000,8,0.0000,0,0,0,0.0680,going,going,going
309,9,-42.6000,9,0.0000,0,0,0,0.0649,going,going,going
310,7,-34.9000,7,0.0000,0,0,0,0.0643,out,going,landed
311,8,-37.0000,8,0.0000,0,0,0,0.0737,going,going,going
312,6,-29.4000,6,0.0000,0,0,0,0.0599,out,going,going
313,20,-80.3000,20,0.0000,0,0,0,0.0734,going,out,out
314,6,-22.5500,6,0.0000,0,0,0,0.0647,going,out,going
315,11,-50.6000,11,0.0000,0,0,0,0.0707,out,going,going
316,10,-40.0000,10,0.0000,0,0,0,0.0697,going,going,going
317,6,-27.2000,6,0.0000,0,0,0,0.0708,out,landed,out
318,8,-41.1500,8,0.0000,0,0,0,0.0746,out,out,out
319,9,-34.3500,9,0.0000,0,0,0,0.0758,out,going,out
320,3,-11.4500,3,0.0000,0,0,0,0.0607,going,going,landed
321,9,-36.4000,9,0.0000,0,0,0,0.0765,landed,going,out
322,5,-16.7000,5,0.0000,0,0,0,0.0740,going,going,going
323,4,-17.3000,4,0.0000,0,0,0,0.0647,out,out,landed
324,4,-15.2000,4,0.0000,0,0,0,0.0804,out,out,going
325,7,-30.8000,7,0.0000,0,0,0,0.0656,going,going,landed
326,7,-37.6000,7,0.0000,0,0,0,0.0661,going,going,out
327,6,-24.9000,6,0.0000,0,0,0,0.0694,going,going,going
328,9,-29.5000,9,0.0000,0,0,0,0.0768,going,going,landed
329,10,-46.4000,10,0.0000,0,0,0,0.0688,out,landed,out
330,13,-47.0500,13,0.0000,0,0,0,0.0721,out,going,going
331,5,-16.8000,5,0.0000,0,0,0,0.0790,going,out,going
332,7,-33.1000,7,0.0000,0,0,0,0.0645,going,going,landed
333,9,-36.3000,9,0.0000,0,0,0,0.0727,out,out,landed
334,6,-24.8000,6,0.0000,0,0,0,0.0608,landed,going,going
335,4,-17.4500,4,0.0000,0,0,0,0.0651,going,out,going
336,5,-14.3000,5,0.0000,0,0,0,0.0717,out,out,going
337,5,-18.7000,5,0.0000,0,0,0,0.0719,going,out,going
338,7,-22.3000,7,0.0000,0,0,0,0.0673,going,going,going
339,10,-40.4000,10,0.0000,0,0,0,0.0674,out,going,going
340,4,-24.0000,4,0.0000,0,0,0,0.0747,collision,going,out
341,4,-10.7000,4,0.0000,0,0,0,0.0746,out,landed,going
342,7,-24.0000,7,0.0000,0,0,0,0.0830,going,going,out
343,5,-18.7000,5,0.0000,0,0,0,0.0675,out,going,going
344,6,-20.3000,6,0.0000,0,0,0,0.0634,going,going,going
345,5,-14.5000,5,0.0000,0,0,0,0.0733,going,out,going
346,6,-20.5000,6,0.0000,0,0,0,0.0694,going,going,landed
347,4,-12.8000,4,0.0000,0,0,0,0.0586,going,out,going
348,3,-9.0000,3,0.0000,0,0,0,0.0750,going,out,out
349,7,-33.2000,7,0.0000,0,0,0,0.0746,going,out,going
350,7,-35.2000,7,0.0000,0,0,0,0.0608,out,going,going
351,5,-21.0500,5,0.0000,0,0,0,0.0646,going,out,out
352,6,-29.4000,6,0.0000,0,0,0,0.0757,going,going,out
353,4,-17.3000,4,0.0000,0,0,0,0.0641,going,out,out
354,13,-53.3000,13,0.0000,0,0,0,0.0792,going,going,out
355,6,-29.4000,6,0.0000,0,0,0,0.0725,out,going,out
356,12,-54.4000,12,0.0000,0,0,0,0.0735,going,going,landed
357,4,-8.5000,4,0.0000,0,0,0,0.0702,out,out,going
358,12,-49.6000,12,0.0000,0,0,0,0.0751,going,going,going
359,9,-42.8000,9,0.0000,0,0,0,0.0729,going,going,landed
360,8,-34.9500,8,0.0000,0,0,0,0.0774,going,going,out
361,10,-38.3500,10,0.0000,0,0,0,0.0716,going,going,going
362,4,-15.1000,4,0.0000,0,0,0,0.0774,going,out,going
363,7,-28.8000,7,0.0000,0,0,0,0.0701,out,landed,landed
364,6,-20.4000,6,0.0000,0,0,0,0.0667,going,going,going
365,8,-36.7000,8,0.0000,0,0,0,0.0773,out,out,out
366,20,-109.3500,20,0.0000,0,0,0,0.0729,out,going,out
367,5,-12.4500,5,0.0000,0,0,0,0.0728,out,going,going
368,5,-19.0000,5,0.0000,0,0,0,0.0692,out,going,landed
369,1,-5.9000,1,0.0000,0,0,0,0.0715,going,going,going
370,8,-39.2000,8,0.0000,0,0,0,0.0713,going,going,out
371,6,-18.1000,6,0.0000,0,0,0,0.0718,out,out,going
372,7,-37.3000,7,0.0000,0,0,0,0.0608,going,out,out
373,6,-27.1000,6,0.0000,0,0,0,0.0607,out,going,going
374,7,-24.1500,7,0.0000,0,0,0,0.0756,out,going,going
375,9,-42.9000,9,0.0000,0,0,0,0.0690,out,going,out
376,13,-51.2000,13,0.0000,0,0,0,0.0676,out,going,going
377,5,-18.8000,5,0.0000,0,0,0,0.0586,going,going,going
378,6,-27.2000,6,0.0000,0,0,0,0.0742,out,going,out
379,7,-33.0000,7,0.0000,0,0,0,0.0673,going,out,out
380,9,-38.3000,9,0.0000,0,0,0,0.0792,out,out,out
381,8,-30.2000,8,0.0000,0,0,0,0.0689,going,out,landed
382,10,-50.9000,10,0.0000,0,0,0,0.0734,going,going,out
383,7,-24.4000,7,0.0000,0,0,0,0.0677,out,going,out
384,9,-33.7000,9,0.0000,0,0,0,0.0710,out,out,going
385,7,-17.9500,7,0.0000,0,0,0,0.0825,out,going,out
386,4,-17.4000,4,0.0000,0,0,0,0.0810,out,going,going
387,6,-18.3000,6,0.0000,0,0,0,0.0746,going,out,going
388,8,-34.8500,8,0.0000,0,0,0,0.0659,out,going,out
389,7,-37.1000,7,0.0000,0,0,0,0.0626,going,going,out
390,10,-46.5000,10,0.0000,0,0,0,0.0677,out,going,out
391,11,-54.8000,11,0.0000,0,0,0,0.0665,going,going,landed
392,3,-11.3000,3,0.0000,0,0,0,0.0582,collision,going,going
393,6,-20.5500,6,0.0000,0,0,0,0.0694,going,going,landed
394,4,-14.8000,4,0.0000,0,0,0,0.0873,going,out,going
395,7,-28.8000,7,0.0000,0,0,0,0.0786,going,going,going
396,6,-33.5000,6,0.0000,0,0,0,0.0681,out,out,going
397,4,-17.1000,4,0.0000,0,0,0,0.0745,going,out,out
398,6,-20.5000,6,0.0000,0,0,0,0.0753,out,going,going
399,5,-18.9000,5,0.0000,0,0,0,0.0571,going,landed,going
400,8,-32.4000,8,0.0000,0,0,0,0.0877,out,going,going
401,7,-37.2000,7,0.0000,0,0,0,0.0734,out,going,landed
402,5,-23.1000,5,0.0000,0,0,0,0.0690,out,going,out
403,8,-37.0000,8,0.0000,0,0,0,0.0740,out,going,going
404,6,-27.1000,6,0.0000,0,0,0,0.0678,going,out,going
405,7,-30.8000,7,0.0000,0,0,0,0.0675,out,going,going
406,5,-16.7000,5,0.0000,0,0,0,0.0728,out,going,going
407,8,-30.4000,8,0.0000,0,0,0,0.0659,out,going,going
408,7,-33.0000,7,0.0000,0,0,0,0.0592,going,going,going
409,5,-21.1000,5,0.0000,0,0,0,0.0721,out,out,going
410,8,-25.9500,8,0.0000,0,0,0,0.0734,going,going,going
411,7,-26.5000,7,0.0000,0,0,0,0.0651,out,going,out
412,7,-31.0000,7,0.0000,0,0,0,0.0666,out,going,going
413,8,-32.6000,8,0.0000,0,0,0,0.0782,out,going,going
414,8,-32.5000,8,0.0000,0,0,0,0.0704,out,going,landed
415,11,-47.8500,11,0.0000,0,0,0,0.0770,out,going,out
416,10,-46.6000,10,0.0000,0,0,0,0.0646,out,out,out
417,11,-43.7000,11,0.0000,0,0,0,0.0648,going,out,going
418,6,-20.6000,6,0.0000,0,0,0,0.0709,out,landed,going
419,5,-16.6000,5,0.0000,0,0,0,0.0647,going,going,landed
420,9,-47.6000,9,0.0000,0,0,0,0.0753,landed,going,going
421,6,-22.8000,6,0.0000,0,0,0,0.0677,going,going,going
422,6,-29.3000,6,3.4536,0,0,0,0.0634,going,out,going
423,10,-44.6000,10,3.8848,0,0,0,-0.0245,going,landed,going
424,9,-31.5000,9,3.5249,0,0,0,-0.1792,landed,going,going
425,16,-67.1000,16,3.3078,0,0,0,-0.4280,going,going,going
426,5,-21.3500,5,3.0413,0,0,0,-0.6894,going,going,going
427,5,-23.5500,5,3.6500,0,0,0,-0.8552,going,going,going
428,7,-28.7000,7,3.7386,0,0,0,-1.0920,going,out,out
429,6,-29.4000,6,3.2406,0,0,0,-1.3475,out,landed,going
430,8,-28.1000,8,3.1928,0,0,0,-1.7135,going,out,out
431,6,-22.7000,6,2.9507,0,0,0,-2.1101,going,going,going
432,8,-32.4500,8,2.7180,0,0,0,-2.5792,going,out,going
433,14,-68.6000,14,2.4292,0,0,0,-3.3125,going,out,landed
434,5,-21.1000,5,2.4505,0,0,0,-4.3138,going,going,going
435,6,-25.0000,6,2.1055,0,0,0,-4.7788,out,going,going
436,4,-8.4000,4,0.0000,0,0,0,-5.1950,going,out,out
437,9,-16.4000,9,1.9170,0,0,0,-5.9219,going,going,going
438,12,-52.0500,12,1.5370,0,0,0,-6.7339,going,out,going
439,8,-39.2000,8,1.5201,0,0,0,-7.7462,going,going,out
440,14,-68.5000,14,1.4016,0,0,0,-8.9447,going,going,going
441,9,-36.4000,9,0.7812,0,0,0,-10.0553,going,out,going
442,7,-30.8000,7,0.9883,0,0,0,-10.5548,going,going,out
443,3,-11.2000,3,0.6817,0,0,0,-10.7905,going,out,out
444,3,-9.1000,3,0.0000,0,0,0,-10.9079,going,out,going
445,9,-33.9000,9,1.0236,0,0,0,-11.1259,going,going,going
446,13,-58.1000,13,0.7538,0,0,0,-11.1083,out,going,going
447,13,-62.2000,13,0.8455,0,0,0,-11.0278,going,going,going
448,4,-13.0500,4,0.9886,0,0,0,-10.8965,going,landed,going
449,6,-18.2000,6,1.2316,0,0,0,-11.0715,going,going,going
450,8,-37.3500,8,0.7473,0,0,0,-11.0600,going,going,going
451,7,-28.9500,7,0.9178,0,0,0,-11.1000,out,out,going
452,5,-16.6000,5,0.9783,0,0,0,-11.0939,going,going,going
453,10,-39.8000,10,0.9386,0,0,0,-11.5954,going,going,out
454,8,-32.7500,8,0.8418,0,0,0,-11.6643,out,out,going
455,4,-12.8000,4,1.0258,0,0,0,-11.5887,landed,out,going
456,4,-13.0500,4,1.0015,0,0,0,-11.4863,out,going,going
457,7,-22.2000,7,1.2142,0,0,0,-11.6302,going,going,out
458,5,-10.1000,5,0.9448,0,0,0,-11.7325,going,out,out
459,6,-20.4000,6,0.7882,0,0,0,-11.8739,landed,going,out
460,6,-24.8000,6,1.0304,0,0,0,-11.8288,out,going,out
461,1,-5.8000,1,0.8777,0,0,0,-11.6836,going,going,going
462,7,-22.1500,7,0.9246,0,0,0,-11.7257,out,out,going
463,20,-91.3000,20,0.9352,0,0,0,-11.7914,landed,out,going
464,5,-21.1000,5,0.5098,0,0,0,-11.8760,going,out,going
465,9,-40.5000,9,0.9966,0,0,0,-11.8868,going,going,out
466,4,-12.8000,4,0.9726,0,0,0,-11.4847,going,out,out
467,6,-20.6500,6,0.7506,0,0,0,-11.5427,going,going,out
468,8,-25.8000,8,0.9559,0,0,0,-11.4113,landed,out,going
469,4,-17.1000,4,0.8074,0,0,0,-11.9051,going,out,going
470,7,-26.6000,7,0.9943,0,0,0,-12.0277,going,out,going
471,8,-30.3000,8,1.0965,0,0,0,-12.0035,going,out,going
472,8,-21.7000,8,0.7255,0,0,0,-11.7517,going,going,out
473,5,-16.6500,5,1.1538,0,0,0,-11.3808,out,out,going
474,8,-36.6000,8,0.8399,0,0,0,-11.4214,going,out,going
475,7,-33.3000,7,0.9043,0,0,0,-10.9105,going,going,going
476,25,-104.0000,25,0.9593,0,0,0,-11.2070,going,landed,going
477,6,-22.7000,6,0.8220,0,0,0,-11.8409,going,out,going
478,7,-33.1000,7,1.1047,0,0,0,-11.6995,going,out,going
479,7,-24.5000,7,0.8432,0,0,0,-12.1672,going,landed,going
480,13,-60.1000,13,0.8843,0,0,0,-12.2658,going,going,landed
481,5,-16.6000,5,0.9792,0,0,0,-11.9969,going,out,going
482,5,-19.2000,5,1.1473,0,0,0,-11.9912,out,going,going
483,5,-14.6500,5,0.9536,0,0,0,-12.0016,going,out,going
484,9,-34.2500,9,0.8916,0,0,0,-11.6812,going,out,going
485,7,-31.0000,7,1.0267,0,0,0,-11.5407,going,going,going
486,7,-30.9500,7,1.2059,0,0,0,-11.5047,out,out,going
487,7,-30.8000,7,0.8985,0,0,0,-11.3582,going,going,going
488,8,-34.8000,8,0.8962,0,0,0,-10.9075,going,going,out
489,5,-19.1500,5,1.0685,0,0,0,-11.1521,out,out,out
490,4,-12.9000,4,0.8571,0,0,0,-10.8366,going,going,going
491,4,-17.3000,4,1.2885,0,0,0,-11.1978,going,going,out
492,8,-19.3000,8,0.7562,0,0,0,-11.4694,going,going,going
493,4,-15.1000,4,1.2175,0,0,0,-11.1851,landed,going,out
494,4,-19.3500,4,0.7836,0,0,0,-11.2906,going,out,out
495,6,-29.4000,6,1.2335,0,0,0,-10.9061,going,going,going
496,7,-26.4000,7,0.7918,0,0,0,-10.9183,going,going,going
497,8,-39.1000,8,0.8590,0,0,0,-11.0804,going,going,going
498,8,-34.9500,8,0.7518,0,0,0,-11.4253,going,out,going
499,17,-77.9500,17,1.0896,0,0,0,-11.2936,going,out,going
500,11,-52.9500,11,1.0301,0,0,0,-11.0130,going,landed,going
501,7,-33.2000,7,1.0732,0,0,0,-11.0901,out,out,going
502,10,-42.3500,10,1.0349,0,0,0,-11.8254,out,going,out
503,6,-27.2000,6,0.9384,0,0,0,-11.4721,out,out,going
504,10,-42.4500,10,1.0561,0,0,0,-11.2913,going,going,going
505,7,-24.2000,7,0.7921,0,0,0,-11.3564,going,out,going
506,6,-18.3000,6,0.8508,0,0,0,-11.0469,going,out,going
507,8,-32.5000,8,1.0071,0,0,0,-10.6799,out,out,going
508,10,-35.6000,10,0.8995,0,0,0,-10.9603,landed,going,out
509,7,-28.8000,7,0.9736,0,0,0,-10.7466,going,going,going
510,2,-7.4000,2,0.7759,0,0,0,-10.5525,landed,out,going
511,8,-32.4000,8,1.1653,0,0,0,-10.8616,out,going,out
512,11,-48.7500,11,0.7677,0,0,0,-11.0054,out,going,going
513,11,-44.3000,11,0.8908,0,0,0,-11.3945,going,going,landed
514,5,-18.9000,5,0.6579,0,0,0,-11.1597,going,out,going
515,11,-46.2000,11,1.0160,0,0,0,-11.1156,out,landed,going
516,14,-57.6500,14,1.0244,0,0,0,-11.6639,collision,out,going
517,9,-40.9500,9,1.2221,0,0,0,-11.2860,going,out,going
518,8,-34.8000,8,0.7665,0,0,0,-11.1350,out,going,going
519,4,-13.0500,4,0.6180,0,0,0,-11.2764,out,out,out
520,8,-30.3000,8,1.0432,0,0,0,-11.6858,going,out,going
521,9,-38.6000,9,0.7027,0,0,0,-11.6903,out,landed,out
522,4,-13.0500,4,1.0879,0,0,0,-11.8363,out,going,landed
523,7,-28.6000,7,0.8926,0,0,0,-11.8342,going,out,out
524,6,-22.7000,6,0.7409,0,0,0,-11.3647,going,out,going
525,5,-14.6000,5,0.9487,0,0,0,-10.8588,out,out,going
526,5,-21.2000,5,1.1389,0,0,0,-11.2216,out,out,going
527,9,-29.5000,9,0.6302,0,0,0,-11.0250,out,out,out
528,15,-65.9500,15,0.9424,0,0,0,-10.5020,out,out,going
529,5,-12.3000,5,0.8086,0,0,0,-10.5282,out,out,going
530,7,-26.5000,7,1.1305,0,0,0,-10.6567,out,landed,going
531,7,-24.4000,7,0.8270,0,0,0,-10.0963,going,going,going
532,11,-35.5000,11,0.7444,0,0,0,-11.2015,going,going,going
533,4,-15.2000,4,0.0000,0,0,0,-10.6328,going,out,going
534,11,-46.4000,11,0.9271,0,0,0,-11.3730,out,out,out
535,4,-14.8000,4,0.0000,0,0,0,-11.1752,going,out,going
536,4,-15.1000,4,1.0957,0,0,0,-10.5348,out,out,going
537,4,-19.6000,4,0.7072,0,0,0,-10.9375,out,out,going
538,4,-19.6000,4,0.5880,0,0,0,-10.6120,out,out,going
539,5,-16.7000,5,0.9993,0,0,0,-10.6668,out,out,going
540,7,-33.2000,7,0.7430,0,0,0,-11.2960,out,landed,out
541,7,-26.6000,7,0.8807,0,0,0,-10.5399,out,out,going
542,11,-41.5000,11,1.1320,0,0,0,-10.9046,going,going,out
543,3,-13.4000,3,0.0000,0,0,0,-10.7474,going,going,landed
544,7,-28.9000,7,0.7993,0,0,0,-10.6137,out,out,going
545,4,-19.5000,4,1.4414,0,0,0,-11.2523,out,out,going
546,7,-26.6500,7,0.8185,0,0,0,-10.7368,out,going,going
547,6,-24.7000,6,0.6660,0,0,0,-10.5466,out,going,landed
548,5,-16.7000,5,0.9918,0,0,0,-11.4462,out,going,out
549,3,-11.2000,3,1.1991,0,0,0,-11.1886,going,out,going
550,12,-40.9500,12,0.8362,0,0,0,-11.3266,out,going,going
551,4,-17.3000,4,1.2075,0,0,0,-11.0001,going,out,going
552,16,-77.6000,16,0.8915,0,0,0,-11.7329,landed,out,out
553,11,-50.4000,11,0.6832,0,0,0,-12.0309,landed,out,going
554,9,-36.6000,9,1.1677,0,0,0,-11.2352,out,going,out
555,10,-34.0500,10,2.0229,0,0,0,-11.8681,going,going,going
556,18,-57.3000,18,2.0407,0,0,0,-13.6707,landed,going,out
557,4,-15.2000,4,1.4773,0,0,0,-17.1556,going,out,out
558,5,-14.6500,5,0.8533,0,0,0,-18.5612,out,out,out
559,8,-41.5500,8,1.0484,0,0,0,-20.0886,going,landed,out
560,10,-33.6500,10,1.1123,0,0,0,-21.3184,going,going,landed
561,10,-42.3000,10,0.7172,0,0,0,-22.1242,out,out,out
562,6,-20.4500,6,0.8173,0,0,0,-23.3598,out,going,going
563,9,-25.6000,9,0.8524,0,0,0,-22.8260,going,out,going
564,4,-17.2000,4,1.2416,0,0,0,-22.0323,out,out,going
565,7,-26.7000,7,0.9493,0,0,0,-20.5107,going,going,going
566,5,-14.4000,5,0.7544,0,0,0,-21.2848,out,going,going
567,7,-28.8500,7,0.6643,0,0,0,-20.8465,out,going,going
568,5,-23.5500,5,0.8572,0,0,0,-21.3021,going,out,going
569,7,-35.4000,7,0.7684,0,0,0,-21.3793,out,out,going
570,8,-34.8500,8,0.9537,0,0,0,-22.0077,out,out,going
571,6,-29.4000,6,0.7081,0,0,0,-23.4392,out,going,out
572,5,-16.6000,5,1.0868,0,0,0,-23.3792,out,out,going
573,6,-22.7000,6,0.7187,0,0,0,-23.6518,going,going,going
574,9,-40.8000,9,1.0756,0,0,0,-23.7168,landed,going,going
575,10,-42.3000,10,0.9969,0,0,0,-22.3559,landed,going,going
576,4,-14.9000,4,0.6128,0,0,0,-21.7539,landed,out,going
577,5,-23.4000,5,0.7623,0,0,0,-21.4008,going,going,out
578,10,-33.7000,10,0.8706,0,0,0,-19.9212,out,going,going
579,6,-24.9000,6,0.8026,0,0,0,-20.4567,out,going,out
580,4,-21.8000,4,1.0612,0,0,0,-19.2925,going,going,going
581,7,-28.8500,7,0.6164,0,0,0,-20.2633,landed,landed,out
582,10,-40.3500,10,0.9888,0,0,0,-20.7957,going,out,out
583,10,-44.5000,10,0.7116,0,0,0,-21.1469,out,going,going
584,7,-31.0000,7,1.0669,0,0,0,-20.4842,going,going,going
585,6,-24.9000,6,0.9876,0,0,0,-21.2865,going,out,going
586,4,-15.1000,4,0.8336,0,0,0,-22.2444,going,out,going
587,7,-28.8000,7,0.9571,0,0,0,-21.7937,going,out,out
588,10,-47.0000,10,0.8514,0,0,0,-23.4495,going,landed,going
589,6,-16.0000,6,0.6155,0,0,0,-22.5851,going,landed,going
590,6,-22.8000,6,0.9510,0,0,0,-21.1954,out,going,going
591,10,-40.4000,10,0.6827,0,0,0,-22.7790,going,going,out
592,6,-22.8000,6,0.8779,0,0,0,-21.3551,out,out,going
593,8,-30.1000,8,0.8434,0,0,0,-22.3651,out,going,going
594,8,-23.7000,8,0.7704,0,0,0,-22.8068,out,out,going
595,7,-24.3000,7,0.6049,0,0,0,-21.5047,out,going,going
596,7,-22.1000,7,0.6155,0,0,0,-22.6686,out,out,out
597,7,-20.0500,7,0.8406,0,0,0,-21.9376,going,landed,out
598,4,-17.3000,4,0.5664,0,0,0,-21.9615,going,out,going
599,5,-20.9000,5,0.7077,0,0,0,-22.3424,out,out,going
600,8,-39.2000,8,1.0471,0,0,0,-22.0178,out,going,landed
601,29,-123.5000,29,0.8851,0,0,0,-20.1197,landed,out,going
602,5,-16.7000,5,0.9976,0,0,0,-21.5084,out,out,going
603,9,-31.8000,9,0.6442,0,0,0,-21.5061,out,out,going
604,7,-28.5000,7,0.6315,0,0,0,-22.5847,out,out,out
605,7,-31.1500,7,0.8862,0,0,0,-22.2531,out,going,out
606,6,-29.3000,6,0.7207,0,0,0,-20.6453,out,going,going
607,4,-13.0500,4,0.5655,0,0,0,-22.1309,out,out,out
608,4,-17.3000,4,0.7595,0,0,0,-21.8540,going,out,out
609,5,-23.4000,5,0.9960,0,0,0,-21.6261,out,out,going
610,10,-44.8000,10,0.8819,0,0,0,-20.6073,out,landed,going
611,9,-38.3000,9,1.0837,0,0,0,-21.6027,out,going,going
612,7,-22.0500,7,0.7783,0,0,0,-20.5123,going,going,going
613,11,-50.4000,11,0.8153,0,0,0,-21.6812,out,going,going
614,8,-30.6000,8,0.7253,0,0,0,-21.2815,going,out,out
615,6,-24.6000,6,0.8479,0,0,0,-22.0889,out,going,going
616,6,-29.3500,6,0.7779,0,0,0,-22.6556,going,going,out
617,6,-25.0500,6,0.7967,0,0,0,-20.9043,out,going,going
618,4,-10.7000,4,0.9269,0,0,0,-21.8558,going,out,going
619,11,-39.6500,11,0.6239,0,0,0,-21.1813,out,going,going
620,5,-21.2000,5,0.7185,0,0,0,-21.2374,going,going,going
621,10,-46.8000,10,0.8403,0,0,0,-21.9945,out,going,going
622,7,-26.5000,7,0.7023,0,0,0,-22.0130,going,going,out
623,7,-28.7000,7,1.0410,0,0,0,-20.8400,out,going,going
624,5,-23.4000,5,0.7557,0,0,0,-21.5471,out,out,out
625,2,-9.7000,2,0.0000,0,0,0,-20.3536,out,going,out
626,6,-24.9000,6,0.7613,0,0,0,-21.0911,going,going,out
627,7,-33.2000,7,0.6312,0,0,0,-20.3769,going,going,out
628,6,-27.2000,6,0.6911,0,0,0,-21.1543,going,landed,out
629,10,-40.4000,10,0.8693,0,0,0,-21.5243,going,going,out
630,5,-21.1000,5,0.6873,0,0,0,-20.3831,going,out,going
631,4,-15.2000,4,0.9127,0,0,0,-20.5066,going,landed,out
632,4,-17.3000,4,0.9554,0,0,0,-20.7906,out,going,out
633,6,-29.4000,6,0.7644,0,0,0,-21.5819,going,going,out
634,6,-27.2000,6,0.8151,0,0,0,-21.4234,out,going,out
635,5,-16.8500,5,0.8274,0,0,0,-21.7017,out,out,out
636,19,-84.0000,19,0.7851,0,0,0,-22.3780,landed,going,going
637,9,-40.8000,9,0.8203,0,0,0,-22.4533,out,going,going
638,7,-28.7000,7,0.6817,0,0,0,-22.9521,out,landed,going
639,7,-24.3000,7,0.7289,0,0,0,-22.7334,out,going,out
640,7,-26.5000,7,0.6654,0,0,0,-22.4826,landed,out,out
641,5,-16.7000,5,0.5722,0,0,0,-22.4288,out,out,out
642,5,-16.7000,5,0.7537,0,0,0,-22.8187,out,out,going
643,3,-11.4000,3,0.6754,0,0,0,-22.4833,out,out,going
644,5,-18.9000,5,0.7342,0,0,0,-22.1350,out,out,going
645,10,-33.7500,10,0.8822,0,0,0,-22.6138,out,going,out
646,8,-43.3000,8,0.9437,0,0,0,-22.4853,out,going,out
647,5,-12.3000,5,0.7275,0,0,0,-20.9389,going,landed,out
648,8,-27.8000,8,0.8357,0,0,0,-20.8497,out,out,going
649,5,-14.4000,5,0.6634,0,0,0,-20.8105,out,going,going
650,5,-14.5000,5,0.7821,0,0,0,-20.7656,going,landed,out
651,4,-15.1000,4,0.8102,0,0,0,-21.0060,going,out,going
652,4,-17.1000,4,0.0000,0,0,0,-21.4177,landed,out,going
653,11,-31.2000,11,0.7639,0,0,0,-20.9871,going,out,going
654,7,-35.3000,7,0.6483,0,0,0,-21.4779,going,going,going
655,3,-13.4000,3,1.0227,0,0,0,-21.9208,out,out,going
656,8,-34.6000,8,1.1075,0,0,0,-21.5724,landed,out,going
657,11,-35.4500,11,0.9717,0,0,0,-22.3133,going,out,going
658,4,-10.7000,4,1.2528,0,0,0,-21.6836,going,out,out
659,5,-21.2000,5,1.0855,0,0,0,-20.1782,out,going,out
660,8,-34.8000,8,0.8616,0,0,0,-19.8008,going,going,out
661,3,-15.4000,3,0.0000,0,0,0,-20.1479,going,out,out
662,10,-44.8000,10,0.8022,0,0,0,-21.3929,going,out,out
663,7,-31.2000,7,0.7978,0,0,0,-20.3944,going,going,going
664,8,-36.8000,8,0.9408,0,0,0,-21.1822,going,out,going
665,8,-37.0000,8,1.0659,0,0,0,-20.6528,going,going,going
666,6,-18.1000,6,0.9706,0,0,0,-20.8398,out,out,going
667,14,-48.9500,14,0.7300,0,0,0,-21.3756,going,going,out
668,5,-14.6000,5,0.9908,0,0,0,-19.9388,going,out,going
669,5,-14.5000,5,1.1806,0,0,0,-20.9375,going,out,out
670,4,-12.9000,4,0.7764,0,0,0,-20.8362,going,out,going
671,11,-43.8000,11,1.0618,0,0,0,-20.8446,landed,out,out
672,8,-30.3000,8,0.8599,0,0,0,-21.6347,going,out,out
673,4,-19.5000,4,0.0000,0,0,0,-21.8296,going,landed,out
674,8,-28.2500,8,0.9900,0,0,0,-22.3236,going,going,out
675,9,-25.1500,9,0.8030,0,0,0,-21.8016,landed,going,going
676,6,-15.9500,6,0.9393,0,0,0,-21.5993,going,out,out
677,4,-15.0000,4,0.8511,0,0,0,-21.5934,going,out,going
678,7,-24.3000,7,0.8233,0,0,0,-21.3210,going,going,landed
679,8,-34.8000,8,0.7159,0,0,0,-21.0385,going,going,going
680,3,-13.6000,3,0.0000,0,0,0,-21.2227,out,landed,out
681,3,-13.5000,3,0.9082,0,0,0,-21.1855,going,out,going
682,3,-13.5000,3,0.9253,0,0,0,-21.0382,going,landed,going
683,8,-32.5000,8,0.8464,0,0,0,-22.0013,out,going,out
684,5,-19.1500,5,0.8560,0,0,0,-21.4944,going,going,going
685,5,-19.0500,5,0.6710,0,0,0,-20.8460,going,landed,going
686,8,-28.2500,8,0.9081,0,0,0,-22.0040,going,going,out
687,7,-28.8000,7,1.0930,0,0,0,-21.7931,going,out,going
688,9,-40.5500,9,0.6520,0,0,0,-21.5965,out,going,out
689,8,-32.4000,8,0.8740,0,0,0,-21.2053,going,out,going
690,5,-14.5000,5,0.6181,0,0,0,-20.6292,going,out,out
691,17,-66.9500,17,0.6627,0,0,0,-21.1472,going,going,out
692,9,-38.6000,9,0.7244,0,0,0,-22.2380,going,going,out
693,13,-51.4500,13,0.8028,0,0,0,-21.9422,out,out,out
694,5,-12.3000,5,0.9149,0,0,0,-21.6821,going,out,going
695,3,-9.2500,3,0.8018,0,0,0,-20.9131,out,landed,going
696,5,-19.0000,5,0.9340,0,0,0,-20.9957,landed,going,out
697,6,-20.6500,6,2.2798,0,0,0,-21.0117,out,going,going
698,4,-17.3000,4,2.5251,0,0,0,-21.7284,going,out,out
699,7,-26.5000,7,2.4986,0,0,0,-23.3433,out,out,out
700,4,-13.1500,4,1.7922,0,0,0,-24.7211,going,out,going
701,5,-18.8000,5,1.8777,0,0,0,-25.2757,going,landed,going
702,10,-48.7000,10,1.9823,0,0,0,-28.4748,going,going,going
703,12,-60.4000,12,1.2535,0,0,0,-28.3081,out,going,going
704,6,-14.0000,6,1.0196,0,0,0,-31.6950,out,going,out
705,9,-49.6000,9,1.3306,0,0,0,-31.4188,landed,going,out
706,9,-47.2000,9,1.1959,0,0,0,-31.0545,out,going,out
707,8,-36.9000,8,1.4422,0,0,0,-29.9624,out,out,going
708,5,-25.3000,5,1.6100,0,0,0,-30.0549,out,going,out
709,9,-40.8000,9,1.4276,0,0,0,-29.4130,out,going,going
710,7,-26.6000,7,1.0006,0,0,0,-29.4569,out,out,going
711,6,-31.6000,6,1.8209,0,0,0,-30.8681,out,going,out
712,10,-44.3000,10,1.1700,0,0,0,-31.1724,out,going,out
713,5,-14.7000,5,1.2093,0,0,0,-30.4448,landed,going,going
714,6,-24.6000,6,1.3009,0,0,0,-30.2476,going,landed,going
715,7,-24.2000,7,1.4582,0,0,0,-30.0214,out,landed,going
716,5,-23.0000,5,1.0892,0,0,0,-31.2189,out,going,going
717,7,-28.7000,7,1.5072,0,0,0,-30.5377,out,out,going
718,3,-9.5000,3,1.3299,0,0,0,-29.9564,out,landed,going
719,5,-18.9000,5,0.9950,0,0,0,-29.3227,going,going,going
720,4,-15.1000,4,1.0283,0,0,0,-28.9100,out,landed,landed
721,4,-17.3000,4,1.9042,0,0,0,-28.9554,out,landed,going
722,11,-43.9500,11,1.3176,0,0,0,-30.2506,out,going,going
723,8,-30.4000,8,1.5795,0,0,0,-30.8964,landed,going,going
724,10,-35.7000,10,1.4473,0,0,0,-30.5408,out,going,going
725,3,-11.3000,3,0.9488,0,0,0,-31.1681,out,out,going
726,1,-5.9000,1,0.0000,0,0,0,-29.9032,out,out,going
727,6,-25.0000,6,1.3254,0,0,0,-30.2820,out,going,going
728,7,-27.2000,7,1.4399,0,0,0,-30.7692,out,going,going
729,5,-23.4000,5,1.1576,0,0,0,-29.3815,out,going,landed
730,3,-13.5000,3,0.0000,0,0,0,-29.3918,going,going,landed
731,11,-30.7500,11,1.4148,0,0,0,-30.8809,landed,going,going
732,4,-17.3000,4,0.0000,0,0,0,-29.4798,out,out,going
733,5,-14.5000,5,1.3566,0,0,0,-29.7941,going,out,going
734,5,-21.1000,5,1.6370,0,0,0,-30.0463,out,out,landed
735,4,-17.4500,4,1.4277,0,0,0,-30.5512,going,out,going
736,3,-11.3000,3,1.6065,0,0,0,-29.9980,going,landed,going
737,9,-36.3000,9,1.0944,0,0,0,-29.5603,out,going,going
738,6,-22.7000,6,0.8062,0,0,0,-30.5903,going,landed,going
739,5,-16.8000,5,1.0131,0,0,0,-29.6915,going,landed,out
740,3,-15.8000,3,0.0000,0,0,0,-30.3455,going,landed,going
741,4,-12.9000,4,0.8905,0,0,0,-32.0053,going,out,going
742,6,-22.7000,6,1.5267,0,0,0,-32.4494,out,out,going
743,8,-32.9500,8,1.4067,0,0,0,-31.7867,going,going,landed
744,6,-20.6000,6,1.1440,0,0,0,-29.7232,going,landed,going
745,9,-34.2000,9,1.2097,0,0,0,-30.9132,landed,going,going
746,5,-19.0500,5,0.9471,0,0,0,-29.5475,out,going,out
747,11,-50.5000,11,1.1340,0,0,0,-30.2670,landed,going,going
748,10,-48.9000,10,1.2195,0,0,0,-30.7946,going,going,going
749,10,-42.5500,10,1.4641,0,0,0,-29.9188,out,going,going
750,12,-56.5000,12,1.2558,0,0,0,-30.8932,going,landed,going
751,7,-37.6000,7,1.4236,0,0,0,-30.0415,out,going,going
752,11,-59.4000,11,1.1220,0,0,0,-31.0486,landed,going,landed
753,5,-18.9000,5,1.3212,0,0,0,-29.6296,out,out,going
754,4,-17.3000,4,0.7372,0,0,0,-29.7718,going,out,going
755,7,-26.6000,7,1.3987,0,0,0,-31.0288,going,going,going
756,11,-50.5000,11,1.2783,0,0,0,-31.1594,out,out,landed
757,6,-27.2500,6,0.7934,0,0,0,-31.1875,going,out,out
758,3,-13.5000,3,0.0000,0,0,0,-30.5221,going,out,going
759,5,-14.5000,5,0.9899,0,0,0,-31.3858,going,out,going
760,4,-12.9000,4,0.9523,0,0,0,-31.4534,going,out,going
761,5,-21.1000,5,1.5332,0,0,0,-31.4309,going,out,landed
762,9,-32.0500,9,1.1076,0,0,0,-31.1622,going,landed,going
763,4,-15.1000,4,1.2608,0,0,0,-30.0448,out,out,going
764,3,-11.3000,3,0.0000,0,0,0,-30.7896,out,out,going
765,9,-33.9000,9,0.9913,0,0,0,-30.6314,out,out,going
766,9,-38.5000,9,1.5213,0,0,0,-30.0888,landed,going,going
767,6,-27.2000,6,1.6744,0,0,0,-28.8431,going,going,going
768,4,-12.9000,4,1.1218,0,0,0,-29.1988,out,landed,going
769,3,-11.3000,3,1.2005,0,0,0,-30.0349,going,out,going
770,3,-6.8000,3,0.0000,0,0,0,-29.9527,out,landed,going
771,8,-34.9500,8,1.1454,0,0,0,-29.5627,out,going,going
772,7,-26.3000,7,1.0685,0,0,0,-29.4216,out,going,out
773,7,-22.1000,7,1.0297,0,0,0,-30.7236,out,out,out
774,4,-6.4500,4,0.0000,0,0,0,-30.9917,going,going,out
775,7,-22.2500,7,1.4522,0,0,0,-30.3548,out,going,out
776,15,-56.9000,15,1.4188,0,0,0,-30.3702,landed,landed,going
777,9,-23.2500,9,1.2148,0,0,0,-29.2387,going,going,going
778,9,-34.0500,9,1.0696,0,0,0,-30.3195,going,going,going
779,7,-19.5000,0.0000,0.0000,0,0,0,0.0721,going,out,out
780,8,-32.0000,0.0000,0.0000,0,0,0,0.0579,going,out,going
781,6,-14.0000,0.0000,0.0000,0,0,0,0.0691,going,out,going
782,6,-0.5000,6.0000,0.0000,0,0,0,0.0592,out,out,going
783,7,-21.0000,2.0000,0.0000,0,0,0,0.0782,going,going,going
784,4,-7.0000,2.0000,0.0000,0,0,0,0.0543,going,going,out
785,7,-25.0000,0.0000,0.0000,0,0,0,0.0564,out,going,going
786,7,-10.5000,2.0000,0.0000,0,0,0,0.0849,going,out,going
787,9,-1.0000,2.0000,0.0000,0,0,0,0.0685,going,going,going
788,5,-9.0000,2.0000,0.0000,0,0,0,0.0511,going,going,going
789,6,-28.0000,0.0000,0.0000,0,0,0,0.0680,going,going,going
790,3,-1.0000,2.0000,0.0000,0,0,0,0.0487,going,landed,out
791,6,-16.5000,0.0000,0.0000,0,0,0,0.0609,out,going,out
792,39,-142.0000,6.0000,0.0000,0,0,0,0.0704,going,out,going
793,7,-18.0000,2.0000,0.0000,0,0,0,0.0627,out,going,going
794,5,-18.0000,0.0000,0.0000,0,0,0,0.0656,going,going,going
795,9,-15.5000,2.0000,0.0000,0,0,0,0.0682,landed,going,out
796,5,-6.0000,2.0000,0.0000,0,0,0,0.0603,going,landed,out
797,5,-5.0000,2.0000,0.0000,0,0,0,0.0542,out,out,going
798,4,-8.5000,0.5000,0.0000,0,0,0,0.0572,out,out,out
799,6,-20.0000,0.0000,0.0000,0,0,0,0.0730,out,out,out
800,7,-19.5000,2.0000,0.0000,0,0,0,0.0634,going,out,out
801,9,-21.0000,0.0000,0.0000,0,0,0,0.0690,going,going,out
802,4,-5.5000,2.0000,0.0000,0,0,0,0.0673,going,out,going
803,14,-22.0000,6.0000,0.0000,0,0,0,0.0685,going,going,landed
804,4,-7.0000,2.0000,0.0000,0,0,0,0.0647,going,out,going
805,10,-20.0000,2.0000,0.0000,0,0,0,0.0729,out,going,going
806,8,-28.0000,2.0000,0.0000,0,0,0,0.0626,going,out,out
807,7,-17.0000,0.0000,0.0000,0,0,0,0.0775,going,going,going
808,14,-40.0000,2.0000,0.0000,0,0,0,0.0658,collision,going,landed
809,9,-22.0000,2.0000,0.0000,0,0,0,0.0622,out,going,out
810,6,-15.0000,0.0000,0.0000,0,0,0,0.0827,going,landed,going
811,4,-11.0000,0.0000,0.0000,0,0,0,0.0659,out,out,going
812,5,-14.0000,6.0000,0.0000,0,0,0,0.0616,going,out,going
813,7,-15.5000,2.0000,0.0000,0,0,0,0.0635,going,going,out
814,11,-24.0000,2.0000,0.0000,0,0,0,0.0693,going,going,out
815,11,-31.5000,2.0000,0.0000,0,0,0,0.0795,going,going,going
816,9,-46.0000,0.0000,0.0000,0,0,0,0.0657,going,going,going
817,10,-30.0000,0.0000,0.0000,0,0,0,0.0716,going,landed,going
818,4,-7.0000,2.0000,0.0000,0,0,0,0.0651,going,out,going
819,8,-16.5000,0.5000,0.0000,0,0,0,0.0652,going,going,going
820,8,-12.0000,2.0000,0.0000,0,0,0,0.0718,going,out,out
821,7,-9.0000,2.0000,0.0000,0,0,0,0.0827,going,going,going
822,5,5.0000,6.0000,0.0000,0,0,0,0.0556,out,going,going
823,7,-30.0000,0.0000,0.0000,0,0,0,0.0723,going,out,going
824,6,-7.0000,2.0000,0.0000,0,0,0,0.0673,going,out,landed
825,3,-5.0000,2.0000,0.0000,0,0,0,0.0584,out,out,going
826,28,-96.1000,2.0000,0.0000,0,0,0,0.0791,landed,going,going
827,6,-2.0000,6.0000,0.0000,0,0,0,0.0723,going,out,out
828,9,-24.0000,2.0000,0.0000,0,0,0,0.0690,going,going,landed
829,5,-6.0000,2.0000,0.0000,0,0,0,0.0598,going,landed,going
830,4,-7.0000,2.0000,0.0000,0,0,0,0.0597,going,out,going
831,15,-29.0000,2.0000,0.0000,0,0,0,0.0677,landed,going,going
832,6,-1.0000,6.0000,0.0000,0,0,0,0.0628,going,out,going
833,5,6.5000,6.0000,0.0000,0,0,0,0.0621,going,out,going
834,8,-16.0000,6.0000,0.0000,0,0,0,0.0555,out,going,going
835,7,-9.0000,2.0000,0.0000,0,0,0,0.0703,out,going,going
836,5,-1.0000,2.0000,0.0000,0,0,0,0.0774,going,going,going
837,5,-5.5000,2.0000,0.0000,0,0,0,0.0630,going,going,going
838,11,-43.5000,2.0000,0.0000,0,0,0,0.0615,collision,going,landed
839,6,-4.5000,6.0000,0.0000,0,0,0,0.0614,out,going,going
840,9,-26.0000,2.0000,0.0000,0,0,0,0.0642,going,landed,going
841,9,-23.5000,2.0000,0.0000,0,0,0,0.0568,going,out,out
842,7,-24.0000,0.0000,0.0000,0,0,0,0.0631,going,out,out
843,6,-15.0000,2.0000,0.0000,0,0,0,0.0605,out,going,landed
844,6,-14.5000,2.0000,0.0000,0,0,0,0.0616,out,out,going
845,8,-17.0000,2.0000,0.0000,0,0,0,0.0737,going,going,going
846,11,-33.0000,2.0000,0.0000,0,0,0,0.0621,out,going,out
847,3,-10.5000,0.0000,0.0000,0,0,0,0.0564,going,going,landed
848,4,-11.0000,0.0000,0.0000,0,0,0,0.0727,going,out,going
849,8,-19.0000,0.0000,0.0000,0,0,0,0.0560,out,out,going
850,9,-22.0000,2.0000,0.0000,0,0,0,0.0561,going,out,going
851,6,-19.0000,0.0000,0.0000,0,0,0,0.0632,out,going,going
852,5,-22.0000,0.0000,0.0000,0,0,0,0.0590,out,out,out
853,7,-9.0000,2.0000,0.0000,0,0,0,0.0699,out,going,going
854,10,-11.0000,2.0000,0.0000,0,0,0,0.0688,going,going,out
855,6,-7.0000,2.0000,0.0000,0,0,0,0.0604,landed,out,going
856,8,-10.0000,6.0000,0.0000,0,0,0,0.0580,going,out,going
857,10,-28.0000,2.0000,0.0000,0,0,0,0.0626,going,going,out
858,7,-26.0000,0.0000,0.0000,0,0,0,0.0553,going,going,going
859,5,-22.0000,2.0000,0.0000,0,0,0,0.0579,going,out,out
860,11,-36.0000,2.0000,0.0000,0,0,0,0.0590,going,going,landed
861,6,-11.0000,2.0000,0.0000,0,0,0,0.0565,going,out,going
862,11,-42.0000,2.0000,0.0000,0,0,0,0.0521,landed,landed,out
863,6,-8.1000,2.0000,0.0000,0,0,0,0.0551,going,going,going
864,10,-31.0000,6.0000,0.0000,0,0,0,0.0674,out,landed,going
865,17,-77.0000,0.0000,0.0000,0,0,0,0.0593,going,out,going
866,3,-8.0000,0.0000,0.0000,0,0,0,0.0492,landed,going,going
867,4,-3.0000,2.0000,0.0000,0,0,0,0.0678,out,out,going
868,12,-19.5000,2.0000,0.0000,0,0,0,0.0605,going,going,going
869,10,-36.5000,0.0000,0.0000,0,0,0,0.0593,going,out,going
870,10,-26.0000,2.0000,0.0000,0,0,0,0.0596,going,out,going
871,5,-20.5000,0.0000,0.0000,0,0,0,0.0619,going,out,out
872,7,-10.0000,2.0000,0.0000,0,0,0,0.0679,out,going,going
873,17,-50.0000,2.0000,0.0000,0,0,0,0.0543,out,going,landed
874,8,-8.5000,6.0000,0.0000,0,0,0,0.0543,going,going,going
875,8,-25.5000,2.0000,0.0000,0,0,0,0.0596,going,going,going
876,11,-14.0000,2.0000,0.0000,0,0,0,0.0572,going,going,landed
877,4,-8.5000,0.5000,0.0000,0,0,0,0.0469,going,out,going
878,5,7.0000,6.0000,0.0000,0,0,0,0.0447,going,out,going
879,8,-3.0000,2.0000,0.0000,0,0,0,0.0548,out,going,going
880,3,-4.0000,2.0000,0.0000,0,0,0,0.0518,landed,going,going
881,8,-21.5000,2.0000,0.0000,0,0,0,0.0495,going,going,out
882,4,-15.0000,0.0000,0.0000,0,0,0,0.0535,going,out,landed
883,10,-28.0000,2.0000,0.0000,0,0,0,0.0534,going,out,going
884,8,-14.5000,2.0000,0.0000,0,0,0,0.0553,going,landed,going
885,8,-20.5000,2.0000,0.0000,0,0,0,0.0640,going,going,out
886,8,-23.0000,2.0000,0.0000,0,0,0,0.0631,going,going,going
887,13,-46.0000,2.0000,0.0000,0,0,0,0.0491,out,going,going
888,7,-13.0000,2.0000,0.0000,0,0,0,0.0609,going,out,out
889,5,-6.5000,2.0000,0.0000,0,0,0,0.0630,going,out,out
890,4,-11.0000,2.0000,0.0000,0,0,0,0.0572,going,going,out
891,5,-27.0000,0.0000,0.0000,0,0,0,0.0508,going,going,landed
892,9,-9.0000,2.0000,0.0000,0,0,0,0.0595,going,out,out
893,9,-21.0000,0.0000,0.0000,0,0,0,0.0524,going,landed,out
894,6,-7.0000,2.0000,0.0000,0,0,0,0.0466,landed,going,going
895,11,-35.0000,0.0000,0.0000,0,0,0,0.0506,out,out,landed
896,9,-30.0000,0.0000,0.0000,0,0,0,0.0562,out,going,out
897,13,-39.0000,2.0000,0.0000,0,0,0,0.0592,out,going,out
898,4,-6.0000,2.0000,0.0000,0,0,0,0.0653,out,out,going
899,4,0.5000,6.0000,0.0000,0,0,0,0.0699,going,going,going
900,4,-7.0000,2.0000,0.0000,0,0,0,0.0619,out,out,going
901,14,-64.0000,0.0000,0.0000,0,0,0,0.0489,going,out,going
902,4,-4.0000,2.0000,0.0000,0,0,0,0.0653,going,out,out
903,4,-12.0000,0.0000,0.0000,0,0,0,0.0696,going,going,going
904,7,-13.0000,2.0000,0.0000,0,0,0,0.0570,going,out,out
905,7,2.0000,2.0000,0.0000,0,0,0,0.0588,going,out,out
906,7,-28.0000,0.0000,0.0000,0,0,0,0.0674,out,going,out
907,8,1.0000,6.0000,0.0000,0,0,0,0.0528,going,out,going
908,13,-22.0000,2.0000,0.0000,0,0,0,0.0581,going,going,going
909,5,-18.0000,2.0000,0.0000,0,0,0,0.0617,going,out,going
910,7,-26.0000,2.0000,0.0000,0,0,0,0.0560,out,going,going
911,9,-16.0000,2.0000,0.0000,0,0,0,0.0595,going,going,going
912,7,-22.0000,2.0000,0.0000,0,0,0,0.0481,going,going,landed
913,8,-29.5000,2.0000,0.0000,0,0,0,0.0670,out,going,out
914,16,-35.0000,2.0000,0.0000,0,0,0,0.0558,going,going,going
915,11,-46.0000,0.0000,0.0000,0,0,0,0.0625,going,going,landed
916,8,-15.0000,2.0000,0.0000,0,0,0,0.0630,going,going,going
917,11,-46.0000,2.0000,0.0000,0,0,0,0.0575,out,going,going
918,10,-7.5000,6.0000,0.0000,0,0,0,0.0556,going,out,out
919,7,-21.0000,2.0000,0.0000,0,0,0,0.0471,going,out,going
920,7,-9.0000,2.0000,0.0000,0,0,0,0.0510,out,going,going
921,6,-24.0000,0.0000,0.0000,0,0,0,0.0562,out,going,out
922,6,-15.0000,2.0000,0.0000,0,0,0,0.0541,going,out,going
923,8,-15.0000,2.0000,0.0000,0,0,0,0.0563,out,landed,going
924,8,-16.0000,2.0000,0.0000,0,0,0,0.0602,going,going,going
925,7,-12.5000,2.0000,0.0000,0,0,0,0.0603,out,going,out
926,5,-11.0000,0.0000,0.0000,0,0,0,0.0597,out,out,going
927,6,-8.0000,2.0000,0.0000,0,0,0,0.0572,out,out,out
928,4,-12.0000,6.0000,0.0000,0,0,0,0.0539,out,landed,going
929,5,-1.0000,6.0000,0.0000,0,0,0,0.0542,out,out,going
930,10,-36.0000,2.0000,0.0000,0,0,0,0.0599,out,going,out
931,8,-27.0000,0.0000,0.0000,0,0,0,0.0651,going,out,going
932,4,-3.0000,2.0000,0.0000,0,0,0,0.0590,going,out,out
933,7,-38.0000,0.0000,0.0000,0,0,0,0.0594,going,landed,going
934,8,-19.0000,2.0000,0.0000,0,0,0,0.0620,out,out,going
935,5,1.0000,6.0000,0.0000,0,0,0,0.0648,going,going,going
936,7,-10.0000,2.0000,0.0000,0,0,0,0.0613,going,going,going
937,7,-8.0000,6.0000,0.0000,0,0,0,0.0619,out,going,going
938,6,-23.0000,0.0000,0.0000,0,0,0,0.0566,going,going,out
939,7,-17.0000,2.0000,0.0000,0,0,0,0.0570,going,out,out
940,3,-5.0000,2.0000,0.0000,0,0,0,0.0676,out,out,going
941,6,-11.0000,6.0000,0.0000,0,0,0,0.0583,going,going,out
942,32,-99.0000,2.0000,0.0000,0,0,0,0.0513,going,landed,out
943,6,-8.5000,2.0000,0.0000,0,0,0,0.0463,going,out,out
944,6,-17.5000,2.0000,0.0000,0,0,0,0.0586,out,going,going
945,9,-28.0000,2.0000,0.0000,0,0,0,0.0629,going,going,going
946,8,-15.0000,2.0000,0.0000,0,0,0,0.0572,landed,going,going
947,5,-13.0000,0.0000,0.0000,0,0,0,0.0512,out,out,going
948,7,-16.0000,0.5000,0.0000,0,0,0,0.0495,going,landed,going
949,7,-14.1000,2.0000,0.0000,0,0,0,0.0500,going,out,out
950,9,-25.0000,2.0000,0.0000,0,0,0,0.0661,going,going,out
951,7,-24.0000,2.0000,0.0000,0,0,0,0.0575,going,going,going
952,6,-5.0000,2.0000,0.0000,0,0,0,0.0517,going,out,out
953,12,-35.0000,2.0000,0.0000,0,0,0,0.0642,going,going,out
954,3,-14.0000,0.0000,0.0000,0,0,0,0.0523,going,going,out
955,4,-15.0000,0.0000,0.0000,0,0,0,0.0524,going,going,out
956,7,-22.0000,2.0000,0.0000,0,0,0,0.0696,out,out,going
957,8,-9.5000,6.0000,0.0000,0,0,0,0.0555,out,out,out
958,4,-7.0000,2.0000,0.0000,0,0,0,0.0581,going,out,going
959,5,-13.0000,0.0000,0.0000,0,0,0,0.0586,going,out,going
960,6,-0.5000,6.0000,0.0000,0,0,0,0.0533,out,out,going
961,7,-19.0000,2.0000,0.0000,0,0,0,0.0579,going,going,going
962,12,-44.0000,2.0000,0.0000,0,0,0,0.0562,going,landed,going
963,11,-17.5000,6.0000,0.0000,0,0,0,0.0535,going,going,out
964,6,-5.5000,2.0000,0.0000,0,0,0,0.0567,going,going,going
965,3,-5.0000,2.0000,0.0000,0,0,0,0.0592,out,landed,out
966,9,-50.0000,0.0000,0.0000,0,0,0,0.0568,going,going,landed
967,9,-26.0000,2.0000,0.0000,0,0,0,0.0596,going,going,out
968,7,-17.1000,2.0000,0.0000,0,0,0,0.0579,going,going,out
969,8,-24.0000,2.0000,0.0000,0,0,0,0.0557,going,going,going
970,11,-35.0000,0.0000,0.0000,0,0,0,0.0643,going,out,out
971,1,-5.0000,0.0000,0.0000,0,0,0,0.0637,going,going,going
972,7,-17.0000,0.0000,0.0000,0,0,0,0.0557,going,going,out
973,9,-27.0000,2.0000,0.0000,0,0,0,0.0658,out,going,going
974,19,-46.0000,2.0000,0.0000,0,0,0,0.0564,going,landed,out
975,6,-20.0000,0.0000,0.0000,0,0,0,0.0589,landed,landed,out
976,6,-16.0000,2.0000,0.0000,0,0,0,0.0512,out,going,landed
977,10,-17.5000,2.0000,0.0000,0,0,0,0.0599,going,going,going
978,5,-9.0000,2.0000,0.0000,0,0,0,0.0534,going,out,going
979,11,-34.5000,2.0000,0.0000,0,0,0,0.0581,landed,going,out
980,9,-22.5000,2.0000,0.0000,0,0,0,0.0742,out,going,out
981,4,-2.0000,6.0000,0.0000,0,0,0,0.0616,out,out,going
982,4,-2.0000,2.0000,0.0000,0,0,0,0.0569,going,out,out
983,25,-74.5000,0.0000,0.0000,0,0,0,0.0533,landed,going,going
984,9,-12.0000,2.0000,0.0000,0,0,0,0.0687,out,out,out
985,6,-4.0000,2.0000,0.0000,0,0,0,0.0540,out,going,going
986,7,-14.0000,2.0000,0.0000,0,0,0,0.0576,going,going,going
987,3,-6.0000,2.0000,0.0000,0,0,0,0.0625,out,out,out
988,6,-18.0000,0.0000,0.0000,0,0,0,0.0487,going,going,going
989,5,-5.0000,2.0000,0.0000,0,0,0,0.0620,going,out,out
990,7,-26.0000,2.0000,0.0000,0,0,0,0.0571,out,going,going
991,25,-74.6000,2.0000,0.0000,0,0,0,0.0509,landed,going,going
992,6,1.0000,6.0000,0.0000,0,0,0,0.0714,landed,out,out
993,4,-8.0000,2.0000,0.0000,0,0,0,0.0491,out,out,out
994,5,-22.0000,0.0000,0.0000,0,0,0,0.0550,going,landed,out
995,4,-7.0000,2.0000,0.0000,0,0,0,0.0609,going,landed,going
996,22,3.5000,6.0000,0.0000,0,0,0,0.0517,out,out,going
997,8,-31.0000,0.0000,0.0000,0,0,0,0.0538,out,going,out
998,11,-30.0000,2.0000,0.0000,0,0,0,0.0441,going,going,going
999,6,-4.1000,2.0000,0.0000,0,0,0,0.0599,out,going,going
1000,8,-20.0000,2.0000,0.0000,0,0,0,0.0571,going,going,out
1001,8,-16.0000,2.0000,0.0000,0,0,0,0.0572,going,going,going
1002,9,-36.0000,0.0000,0.0000,0,0,0,0.0562,going,out,out
1003,8,-19.0000,2.0000,0.0000,0,0,0,0.0535,going,going,out
1004,9,-2.5000,2.0000,0.0000,0,0,0,0.0481,out,going,out
1005,8,-5.0000,2.0000,0.0000,0,0,0,0.0554,out,out,out
1006,5,-5.0000,2.0000,0.0000,0,0,0,0.0522,going,out,going
1007,8,-24.0000,2.0000,0.0000,0,0,0,0.0564,out,going,going
1008,8,-19.0000,2.0000,0.0000,0,0,0,0.0539,going,landed,landed
1009,8,-31.0000,0.0000,0.0000,0,0,0,0.0615,going,going,going
1010,3,-9.0000,0.0000,0.0000,0,0,0,0.0712,going,going,going
1011,7,-22.0000,2.0000,0.0000,0,0,0,0.0575,going,going,going
1012,8,-32.0000,2.0000,0.0000,0,0,0,0.0568,going,out,out
1013,6,-7.0000,2.0000,0.0000,0,0,0,0.0570,going,going,going
1014,6,-15.0000,0.0000,0.0000,0,0,0,0.0557,out,going,out
1015,8,-15.0000,2.0000,0.0000,0,0,0,0.0429,going,out,going
1016,6,-15.0000,0.0000,0.0000,0,0,0,0.0626,going,going,going
1017,9,-34.0000,2.0000,0.0000,0,0,0,0.0562,going,going,out
1018,7,-11.0000,2.0000,0.0000,0,0,0,0.0582,out,out,going
1019,5,-1.5000,2.0000,0.0000,0,0,0,0.0616,going,out,going
1020,8,-8.0000,2.0000,0.0000,0,0,0,0.0682,going,going,out
1021,5,-5.0000,2.0000,0.0000,0,0,0,0.0588,landed,going,going
1022,5,-22.0000,0.0000,0.0000,0,0,0,0.0639,out,out,out
1023,8,-17.1000,2.0000,0.0000,0,0,0,0.0475,going,going,out
1024,12,-38.5000,2.0000,0.0000,0,0,0,0.0569,out,going,out
1025,16,-49.5000,2.0000,0.0000,0,0,0,0.0613,out,landed,out
1026,5,-22.0000,0.0000,0.0000,0,0,0,0.0595,going,going,out
1027,6,-16.0000,2.0000,0.0000,0,0,0,0.0497,landed,landed,out
1028,5,-8.0000,2.0000,0.0000,0,0,0,0.0651,going,out,out
1029,12,-11.0000,2.0000,0.0000,0,0,0,0.0613,going,going,out
1030,8,-19.0000,0.0000,0.0000,0,0,0,0.0506,going,going,going
1031,5,-9.5000,2.0000,0.0000,0,0,0,0.0632,landed,going,out
1032,8,-8.5000,6.0000,0.0000,0,0,0,0.0602,landed,going,out
1033,9,-19.5000,2.0000,0.0000,0,0,0,0.0540,going,going,going
1034,4,-15.0000,0.0000,0.0000,0,0,0,0.0473,out,out,going
1035,6,-11.0000,2.0000,0.0000,0,0,0,0.0519,out,going,out
1036,4,-6.0000,2.0000,0.0000,0,0,0,0.0584,going,landed,out
1037,7,-25.0000,0.0000,0.0000,0,0,0,0.0499,going,going,landed
1038,7,-9.0000,2.0000,0.0000,0,0,0,0.0643,out,out,going
1039,5,-1.5000,4.5000,0.0000,0,0,0,0.0581,out,out,going
1040,5,-13.0000,0.0000,0.0000,0,0,0,0.0600,landed,going,going
1041,7,-17.0000,2.0000,0.0000,0,0,0,0.0539,going,going,going
1042,6,-19.1000,0.0000,0.0000,0,0,0,0.0448,going,going,going
1043,10,-32.5000,2.0000,0.0000,0,0,0,0.0542,going,going,going
1044,6,-12.5000,0.5000,0.0000,0,0,0,0.0505,going,going,out
1045,5,-9.0000,2.0000,0.0000,0,0,0,0.0540,going,landed,going
1046,4,-3.0000,2.0000,0.0000,0,0,0,0.0502,out,out,out
1047,5,-15.5000,0.0000,0.0000,0,0,0,0.0641,out,landed,out
1048,12,-44.0000,2.0000,0.0000,0,0,0,0.0520,out,out,going
1049,10,-24.0000,2.0000,0.0000,0,0,0,0.0555,going,going,out
1050,6,-16.0000,0.0000,0.0000,0,0,0,0.0535,out,out,out
1051,6,-15.0000,0.0000,0.0000,0,0,0,0.0538,going,landed,out
1052,10,-36.0000,2.0000,0.0000,0,0,0,0.0565,going,going,going
1053,29,-21.5000,2.0000,0.0000,0,0,0,0.0491,landed,going,going
1054,8,-20.0000,0.0000,0.0000,0,0,0,0.0462,out,going,out
1055,5,-12.0000,2.0000,0.0000,0,0,0,0.0590,out,landed,going
1056,4,-11.0000,0.0000,0.0000,0,0,0,0.0652,going,going,landed
1057,15,-58.0000,2.0000,0.0000,0,0,0,0.0530,going,going,going
1058,8,-20.0000,6.0000,0.0000,0,0,0,0.0504,out,going,out
1059,4,-3.0000,2.0000,0.0000,0,0,0,0.0495,out,out,going
1060,6,-6.0000,2.0000,0.0000,0,0,0,0.0603,landed,going,out
1061,6,0.0000,6.0000,0.0000,0,0,0,0.0574,out,landed,out
1062,3,3.0000,6.0000,0.0000,0,0,0,0.0495,going,landed,out
1063,4,-14.0000,0.0000,0.0000,0,0,0,0.0618,going,out,going
1064,7,1.9000,2.0000,0.0000,0,0,0,0.0685,going,going,out
1065,11,-39.1000,0.9000,0.0000,0,0,0,0.0597,going,going,going
1066,8,-41.5000,0.0000,0.0000,0,0,0,0.0503,going,going,out
1067,7,-18.0000,2.0000,0.0000,0,0,0,0.0549,out,going,going
1068,7,-25.0000,2.0000,0.0000,0,0,0,0.0568,going,going,going
1069,6,0.0000,2.0000,0.0000,0,0,0,0.0610,landed,going,going
1070,13,-10.0000,6.0000,0.0000,0,0,0,0.0553,out,going,going
1071,8,-12.0000,6.0000,0.0000,0,0,0,0.0577,out,going,out
1072,5,-11.0000,2.0000,0.0000,0,0,0,0.0691,going,going,going
1073,4,-12.0000,2.0000,0.0000,0,0,0,0.0614,going,out,out
1074,5,-2.0000,2.0000,0.0000,0,0,0,0.0553,out,going,landed
1075,32,-95.0000,2.0000,0.0000,0,0,0,0.0475,going,going,landed
1076,14,-23.0000,2.0000,0.0000,0,0,0,0.0583,landed,out,going
1077,12,-19.0000,2.0000,0.0000,0,0,0,0.0617,landed,landed,out
1078,13,-50.5000,2.0000,0.0000,0,0,0,0.0601,going,going,going
1079,9,2.9000,6.0000,0.0000,0,0,0,0.0592,going,going,out
1080,8,3.5000,4.5000,0.0000,0,0,0,0.0578,going,landed,going
1081,4,-11.0000,0.0000,0.0000,0,0,0,0.0474,going,out,out
1082,16,-6.0000,6.0000,0.0000,0,0,0,0.0633,going,landed,going
1083,17,-67.0000,2.0000,0.0000,0,0,0,0.0669,going,out,out
1084,9,-20.0000,2.0000,0.0000,0,0,0,0.0546,going,out,out
1085,4,-8.0000,2.0000,0.0000,0,0,0,0.0602,landed,going,going
1086,9,-37.0000,0.0000,0.0000,0,0,0,0.0557,going,going,out
1087,12,-24.0000,2.0000,0.0000,0,0,0,0.0545,out,landed,going
1088,5,-13.0000,0.0000,0.0000,0,0,0,0.0544,out,going,going
1089,6,-7.0000,2.0000,0.0000,0,0,0,0.0548,going,out,going
1090,11,-21.0000,2.0000,0.0000,0,0,0,0.0547,going,going,landed
1091,10,-33.0000,0.0000,0.0000,0,0,0,0.0593,landed,going,out
1092,4,-11.0000,0.0000,0.0000,0,0,0,0.0627,going,out,out
1093,8,-12.0000,6.0000,0.0000,0,0,0,0.0623,out,going,going
1094,7,-13.0000,2.0000,0.0000,0,0,0,0.0498,going,out,out
1095,16,-64.5000,2.0000,0.0000,0,0,0,0.0505,going,going,landed
1096,6,-11.0000,2.0000,0.0000,0,0,0,0.0472,going,out,going
1097,6,-13.1000,2.0000,0.0000,0,0,0,0.0539,out,going,out
1098,4,-14.0000,2.0000,0.0000,0,0,0,0.0590,going,going,going
1099,6,-31.0000,0.0000,0.0000,0,0,0,0.0556,going,out,out
1100,6,-20.0000,2.0000,0.0000,0,0,0,0.0499,out,going,out
1101,11,-17.0000,2.0000,0.0000,0,0,0,0.0547,going,landed,going
1102,4,-20.0000,0.0000,0.0000,0,0,0,0.0630,going,out,out
1103,4,-11.0000,0.0000,0.0000,0,0,0,0.0563,collision,out,going
1104,5,-5.0000,2.0000,0.0000,0,0,0,0.0449,out,out,going
1105,8,-35.0000,2.0000,0.0000,0,0,0,0.0522,going,going,going
1106,12,-64.0000,0.0000,0.0000,0,0,0,0.0603,landed,going,out
1107,4,1.0000,2.0000,0.0000,0,0,0,0.0737,going,out,going
1108,4,-1.0000,2.0000,0.0000,0,0,0,0.0583,landed,going,going
1109,6,-16.5000,0.0000,0.0000,0,0,0,0.0526,going,out,going
1110,9,-9.0000,2.0000,0.0000,0,0,0,0.0514,going,going,out
1111,3,-6.0000,2.0000,0.0000,0,0,0,0.0664,going,out,going
1112,12,-23.0000,2.0000,0.0000,0,0,0,0.0628,landed,going,out
1113,5,-12.0000,0.0000,0.0000,0,0,0,0.0552,landed,going,going
1114,3,-4.0000,2.0000,0.0000,0,0,0,0.0564,out,landed,going
1115,8,-29.5000,0.5000,0.0000,0,0,0,0.0587,going,going,going
1116,6,-4.0000,2.0000,0.0000,0,0,0,0.0613,going,out,going
1117,11,-17.0000,2.0000,0.0000,0,0,0,0.0464,landed,going,going
1118,4,2.0000,2.0000,0.0000,0,0,0,0.0693,going,out,going
1119,17,-29.0000,2.0000,0.0000,0,0,0,0.0586,out,going,going
1120,5,-9.0000,2.0000,0.0000,0,0,0,0.0547,going,going,going
1121,15,-66.0000,2.0000,0.0000,0,0,0,0.0653,going,out,out
1122,5,-9.0000,2.0000,0.0000,0,0,0,0.0637,going,out,out
1123,3,-5.0000,2.0000,0.0000,0,0,0,0.0578,going,out,out
1124,4,-10.0000,0.0000,0.0000,0,0,0,0.0619,going,out,out
1125,18,-49.0000,2.0000,0.0000,0,0,0,0.0439,going,going,going
1126,7,-14.1000,2.0000,0.0000,0,0,0,0.0494,landed,going,going
1127,9,-29.0000,0.0000,0.0000,0,0,0,0.0546,going,going,going
1128,9,-29.0000,2.0000,0.0000,0,0,0,0.0591,going,going,out
1129,5,-26.0000,0.0000,0.0000,0,0,0,0.0557,going,going,out
1130,11,-34.0000,2.0000,0.0000,0,0,0,0.0603,out,landed,out
1131,10,-13.0000,2.0000,0.0000,0,0,0,0.0554,going,going,out
1132,7,-17.0000,0.0000,0.0000,0,0,0,0.0558,going,going,out
1133,7,-21.0000,0.0000,0.0000,0,0,0,0.0591,out,out,out
1134,7,-5.5000,2.0000,0.0000,0,0,0,0.0567,out,out,out
1135,6,-7.0000,2.0000,0.0000,0,0,0,0.0497,going,out,out
1136,8,-8.0000,6.0000,0.0000,0,0,0,0.0586,going,out,out
1137,7,-8.0000,2.0000,0.0000,0,0,0,0.0584,going,out,out
1138,5,6.5000,6.0000,0.0000,0,0,0,0.0617,going,out,going
1139,10,-32.0000,0.0000,0.0000,0,0,0,0.0462,going,going,out
1140,7,-10.0000,2.0000,0.0000,0,0,0,0.0516,going,out,going
1141,11,-28.0000,6.0000,0.0000,0,0,0,0.0598,landed,going,out
1142,8,-28.0000,2.0000,0.0000,0,0,0,0.0527,going,out,landed
1143,5,-1.0000,2.0000,0.0000,0,0,0,0.0544,going,out,out
1144,11,-23.0000,2.0000,0.0000,0,0,0,0.0562,going,landed,out
1145,6,-8.1000,2.0000,0.0000,0,0,0,0.0498,out,out,out
1146,12,-37.5000,2.0000,0.0000,0,0,0,0.0511,going,going,going
1147,9,-23.5000,2.0000,0.0000,0,0,0,0.0560,going,going,out
1148,5,-18.0000,2.0000,0.0000,0,0,0,0.0589,out,landed,going
1149,5,-9.0000,2.0000,0.0000,0,0,0,0.0590,out,out,going
1150,12,-36.0000,2.0000,0.0000,0,0,0,0.0679,going,going,going
1151,11,-26.0000,2.0000,0.0000,0,0,0,0.0497,going,going,going
1152,5,-5.0000,2.0000,0.0000,0,0,0,0.0529,going,going,out
1153,5,-13.0000,0.0000,0.0000,0,0,0,0.0557,going,landed,out
1154,7,-16.0000,0.0000,0.0000,0,0,0,0.0652,going,out,out
1155,7,-16.0000,0.0000,0.0000,0,0,0,0.0483,going,out,going
1156,3,-5.0000,2.0000,0.0000,0,0,0,0.0609,going,landed,going
1157,36,-132.0000,0.0000,0.0000,0,0,0,0.0581,out,out,going
1158,5,-5.0000,2.0000,0.0000,0,0,0,0.0672,going,going,going
1159,8,-8.5000,2.0000,0.0000,0,0,0,0.0571,going,going,going
1160,8,0.5000,6.0000,0.0000,0,0,0,0.0616,going,out,out
1161,5,-18.0000,0.0000,0.0000,0,0,0,0.0593,out,landed,going
1162,6,-7.0000,2.0000,0.0000,0,0,0,0.0569,going,going,going
1163,6,-16.5000,0.0000,0.0000,0,0,0,0.0549,going,out,going
1164,10,-40.0000,0.0000,0.0000,0,0,0,0.0637,going,going,going
1165,8,-6.5000,2.0000,0.0000,0,0,0,0.0570,going,going,out
1166,18,-57.0000,2.0000,0.0000,0,0,0,0.0521,going,going,out
1167,4,-11.0000,0.0000,0.0000,0,0,0,0.0624,going,out,out
1168,8,-25.0000,0.0000,0.0000,0,0,0,0.0589,going,going,going
1169,9,-19.5000,2.0000,0.0000,0,0,0,0.0470,going,going,going
1170,7,-22.5000,0.0000,0.0000,0,0,0,0.0540,landed,going,going
1171,10,-33.0000,2.0000,0.0000,0,0,0,0.0528,going,going,going
1172,8,-7.0000,2.0000,0.0000,0,0,0,0.0481,going,going,out
1173,5,10.5000,6.0000,0.0000,0,0,0,0.0419,going,out,out
1174,17,-48.1000,6.0000,0.0000,0,0,0,0.0537,out,going,out
1175,8,-28.0000,2.0000,0.0000,0,0,0,0.0513,going,going,going
1176,5,-12.0000,2.0000,0.0000,0,0,0,0.0521,landed,going,going
1177,6,-11.0000,6.0000,0.0000,0,0,0,0.0658,going,out,going
1178,5,-13.0000,0.0000,0.0000,0,0,0,0.0579,out,going,out
1179,6,-7.0000,2.0000,0.0000,0,0,0,0.0653,out,going,out
1180,9,-17.0000,2.0000,0.0000,0,0,0,0.0574,going,out,going
1181,11,-38.5000,0.0000,0.0000,0,0,0,0.0549,landed,out,out
1182,5,-1.5000,2.0000,0.0000,0,0,0,0.0674,going,going,going
1183,10,-5.0000,2.0000,0.0000,0,0,0,0.0492,going,going,out
1184,4,-6.0000,2.0000,0.0000,0,0,0,0.0578,going,out,out
1185,9,-21.0000,2.0000,0.0000,0,0,0,0.0497,going,going,out
1186,7,-15.0000,2.0000,0.0000,0,0,0,0.0610,out,out,out
1187,20,-54.1000,2.0000,0.0000,0,0,0,0.0527,landed,out,going
1188,7,-24.0000,2.0000,0.0000,0,0,0,0.0652,out,out,landed
1189,6,-7.0000,2.0000,0.0000,0,0,0,0.0542,going,going,going
1190,4,-3.5000,2.0000,0.0000,0,0,0,0.0700,landed,out,out
1191,3,-9.0000,0.0000,0.0000,0,0,0,0.0574,out,out,going
1192,8,-8.0000,2.0000,0.0000,0,0,0,0.0601,going,going,going
1193,7,-10.5000,2.0000,0.0000,0,0,0,0.0504,going,going,going
1194,7,-30.0000,0.0000,0.0000,0,0,0,0.0431,landed,going,going
1195,6,-11.0000,2.0000,0.0000,0,0,0,0.0583,out,out,going
1196,9,-1.5000,6.0000,0.0000,0,0,0,0.0630,out,out,going
1197,11,6.0000,2.0000,0.0000,0,0,0,0.0578,landed,going,going
1198,10,-26.0000,2.0000,0.0000,0,0,0,0.0498,going,landed,going
1199,5,-7.0000,2.0000,0.0000,0,0,0,0.0561,going,going,going
1200,5,-10.0000,2.0000,0.0000,0,0,0,0.0614,going,out,going
1201,18,-22.7000,2.0000,0.0000,0,0,0,0.0621,landed,out,out
1202,9,-13.0000,2.0000,0.0000,0,0,0,0.0523,going,going,going
1203,12,-28.0000,2.0000,0.0000,0,0,0,0.0596,going,going,going
1204,11,-19.0000,6.0000,0.0000,0,0,0,0.0540,going,out,out
1205,8,-3.0000,2.0000,0.0000,0,0,0,0.0631,going,going,out
1206,8,-11.0000,2.0000,0.0000,0,0,0,0.0555,out,going,out
1207,9,3.0000,2.0000,0.0000,0,0,0,0.0492,going,going,out
1208,6,-16.0000,2.0000,0.0000,0,0,0,0.0532,going,going,out
1209,5,-14.5000,0.0000,0.0000,0,0,0,0.0378,out,landed,going
1210,8,-27.0000,2.0000,0.0000,0,0,0,0.0560,going,going,out
1211,5,-13.0000,0.0000,0.0000,0,0,0,0.0656,going,out,going
1212,3,-9.0000,0.0000,0.0000,0,0,0,0.0550,going,out,going
1213,10,-28.0000,0.0000,0.0000,0,0,0,0.0613,going,going,out
1214,7,-1.0000,2.0000,0.0000,0,0,0,0.0542,going,going,out
1215,13,-56.5000,2.0000,0.0000,0,0,0,0.0644,going,going,going
1216,11,-22.0000,2.0000,0.0000,0,0,0,0.0572,going,going,out
1217,7,-2.0000,2.0000,0.0000,0,0,0,0.0575,going,out,going
1218,5,-13.0000,0.0000,0.0000,0,0,0,0.0537,out,going,going
1219,7,-22.0000,0.0000,0.0000,0,0,0,0.0534,out,going,going
1220,7,-5.6000,2.0000,0.0000,0,0,0,0.0479,going,going,out
1221,4,-16.0000,2.0000,0.0000,0,0,0,0.0592,out,out,out
1222,9,-4.0000,2.0000,0.0000,0,0,0,0.0591,landed,going,out
1223,4,-7.0000,2.0000,0.0000,0,0,0,0.0517,going,out,going
1224,6,-7.0000,2.0000,0.0000,0,0,0,0.0548,out,out,going
1225,27,-123.1000,0.0000,0.0000,0,0,0,0.0638,going,going,going
1226,6,4.5000,2.0000,0.0000,0,0,0,0.0565,landed,going,going
1227,21,-94.0000,2.0000,0.0000,0,0,0,0.0518,going,out,landed
1228,8,-11.0000,2.0000,0.0000,0,0,0,0.0614,going,out,going
1229,4,1.0000,3.0000,0.0000,0,0,0,0.0732,going,out,going
1230,10,-19.0000,2.0000,0.0000,0,0,0,0.0605,going,going,going
1231,4,-10.0000,2.0000,0.0000,0,0,0,0.0602,going,out,out
1232,7,-22.0000,2.0000,0.0000,0,0,0,0.0620,out,going,going
1233,5,-2.1000,2.0000,0.0000,0,0,0,0.0438,going,going,out
1234,10,-41.5000,0.0000,0.0000,0,0,0,0.0605,going,going,out
1235,5,-10.0000,6.0000,0.0000,0,0,0,0.0600,going,going,landed
1236,7,4.0000,2.0000,0.0000,0,0,0,0.0586,landed,going,going
1237,5,-1.0000,2.0000,0.0000,0,0,0,0.0501,landed,out,going
1238,7,-18.0000,0.0000,0.0000,0,0,0,0.0538,out,going,out
1239,6,-5.0000,6.0000,0.0000,0,0,0,0.0605,going,out,out
1240,5,-14.0000,0.0000,0.0000,0,0,0,0.0708,going,out,going
1241,5,-5.0000,2.0000,0.0000,0,0,0,0.0548,going,going,going
1242,27,-89.0000,6.0000,0.0000,0,0,0,0.0582,landed,going,going
1243,13,-41.0000,2.0000,0.0000,0,0,0,0.0590,going,going,going
1244,10,-14.5000,2.0000,0.0000,0,0,0,0.0479,going,out,out
1245,7,-28.0000,0.0000,0.0000,0,0,0,0.0570,landed,landed,out
1246,11,-41.0000,0.0000,0.0000,0,0,0,0.0517,going,landed,out
1247,4,1.0000,2.0000,0.0000,0,0,0,0.0573,going,landed,going
1248,3,-1.0000,2.0000,0.0000,0,0,0,0.0639,going,out,going
1249,10,-23.0000,0.0000,0.0000,0,0,0,0.0525,landed,going,going
1250,10,-42.0000,0.0000,0.0000,0,0,0,0.0567,going,out,going
1251,6,-17.0000,2.0000,0.0000,0,0,0,0.0462,going,going,out
1252,7,-22.0000,2.0000,0.0000,0,0,0,0.0648,going,out,out
1253,6,-5.5000,6.0000,0.0000,0,0,0,0.0600,out,out,going
1254,8,-32.0000,0.0000,0.0000,0,0,0,0.0580,going,going,going
1255,5,-14.0000,0.0000,0.0000,0,0,0,0.0584,out,going,going
1256,6,-15.0000,2.0000,0.0000,0,0,0,0.0620,landed,out,going
1257,4,-11.0000,0.0000,0.0000,0,0,0,0.0641,going,out,out
1258,9,-28.5000,2.0000,0.0000,0,0,0,0.0469,going,going,going
1259,11,-25.0000,2.0000,0.0000,0,0,0,0.0594,going,going,out
1260,16,-56.0000,2.0000,0.0000,0,0,0,0.0529,going,going,landed
1261,9,-17.0000,2.0000,0.0000,0,0,0,0.0515,going,going,out
1262,11,-33.5000,0.5000,0.0000,0,0,0,0.0541,going,going,out
1263,10,-44.0000,0.0000,0.0000,0,0,0,0.0588,going,going,out
1264,8,-14.5000,2.0000,0.0000,0,0,0,0.0530,going,out,going
1265,8,-27.0000,0.0000,0.0000,0,0,0,0.0511,landed,going,going
1266,11,-48.0000,2.0000,0.0000,0,0,0,0.0567,landed,out,out
1267,22,-72.5000,0.0000,0.0000,0,0,0,0.0531,going,landed,going
1268,6,-12.5000,2.0000,0.0000,0,0,0,0.0581,landed,out,going
1269,4,-15.0000,0.0000,0.0000,0,0,0,0.0507,out,out,out
1270,12,-19.0000,2.0000,0.0000,0,0,0,0.0503,going,going,out
1271,11,-44.0000,6.0000,0.0000,0,0,0,0.0453,going,going,landed
1272,4,-16.0000,0.0000,0.0000,0,0,0,0.0716,going,landed,going
1273,5,-8.5000,2.0000,0.0000,0,0,0,0.0588,out,out,out
1274,6,-32.0000,0.0000,0.0000,0,0,0,0.0620,out,landed,going
1275,8,-24.0000,6.0000,0.0000,0,0,0,0.0563,going,going,going
1276,7,-18.0000,0.0000,0.0000,0,0,0,0.0485,going,out,going
1277,7,-14.0000,2.0000,0.0000,0,0,0,0.0542,going,out,going
1278,13,-25.0000,2.0000,0.0000,0,0,0,0.0530,going,going,landed
1279,8,-20.0000,2.0000,0.0000,0,0,0,0.0630,going,going,going
1280,7,-1.0000,2.0000,0.0000,0,0,0,0.0665,going,going,out
1281,5,-9.0000,2.0000,0.0000,0,0,0,0.0694,going,going,out
1282,6,-5.0000,2.0000,0.0000,0,0,0,0.0513,landed,out,out
1283,4,-7.0000,2.0000,0.0000,0,0,0,0.0583,going,landed,going
1284,7,-18.0000,2.0000,0.0000,0,0,0,0.0600,going,out,going
1285,8,-2.0000,2.0000,0.0000,0,0,0,0.0494,going,out,out
1286,8,-41.0000,0.0000,0.0000,0,0,0,0.0534,going,out,going
1287,5,-9.0000,2.0000,0.0000,0,0,0,0.0592,going,landed,going
1288,7,-9.0000,2.0000,0.0000,0,0,0,0.0509,going,going,going
1289,9,-30.0000,2.0000,0.0000,0,0,0,0.0614,going,going,out
1290,4,-11.0000,2.0000,0.0000,0,0,0,0.0503,out,going,landed
1291,4,3.0000,6.0000,0.0000,0,0,0,0.0542,going,out,out
1292,5,-2.0000,2.0000,0.0000,0,0,0,0.0479,going,landed,going
1293,8,-12.5000,2.0000,0.0000,0,0,0,0.0389,going,landed,going
1294,5,-5.0000,2.0000,0.0000,0,0,0,0.0458,going,landed,going
1295,6,-11.0000,2.0000,0.0000,0,0,0,0.0641,going,out,out
1296,6,-24.0000,0.0000,0.0000,0,0,0,0.0532,going,going,out
1297,3,-4.0000,2.0000,0.0000,0,0,0,0.0619,going,out,out
1298,10,-16.5000,2.0000,0.0000,0,0,0,0.0580,out,landed,out
1299,8,-28.5000,0.0000,0.0000,0,0,0,0.0588,out,going,out
1300,7,-23.5000,2.0000,0.0000,0,0,0,0.0607,out,out,going
1301,10,-23.0000,0.0000,0.0000,0,0,0,0.0572,out,going,out
1302,7,1.0000,6.0000,0.0000,0,0,0,0.0655,going,going,out
1303,8,-15.0000,2.0000,0.0000,0,0,0,0.0507,out,going,out
1304,6,-10.0000,2.0000,0.0000,0,0,0,0.0415,going,going,out
1305,7,-16.0000,2.0000,0.0000,0,0,0,0.0508,out,going,landed
1306,7,-14.0000,2.0000,0.0000,0,0,0,0.0546,out,going,going
1307,8,-31.0000,0.0000,0.0000,0,0,0,0.0488,going,going,going
1308,9,-26.0000,2.0000,0.0000,0,0,0,0.0599,going,going,out
1309,8,-24.0000,0.0000,0.0000,0,0,0,0.0554,going,landed,going
1310,4,-11.0000,0.0000,0.0000,0,0,0,0.0575,out,out,out
1311,4,1.0000,2.0000,0.0000,0,0,0,0.0523,going,out,going
1312,6,-15.0000,2.0000,0.0000,0,0,0,0.0604,going,going,out
1313,4,-3.0000,2.0000,0.0000,0,0,0,0.0552,going,out,out
1314,5,-5.0000,2.0000,0.0000,0,0,0,0.0638,going,out,going
1315,4,1.0000,2.0000,0.0000,0,0,0,0.0642,landed,going,out
1316,5,-10.0000,2.0000,0.0000,0,0,0,0.0597,going,out,going
1317,6,-15.0000,2.0000,0.0000,0,0,0,0.0495,going,landed,out
1318,13,-25.0000,2.0000,0.0000,0,0,0,0.0535,landed,going,going
1319,16,-36.0000,6.0000,0.0000,0,0,0,0.0593,going,landed,out
1320,8,-15.0000,2.0000,0.0000,0,0,0,0.0513,out,going,going
1321,6,-17.1000,2.0000,0.0000,0,0,0,0.0713,going,out,going
1322,5,-11.5000,2.0000,0.0000,0,0,0,0.0558,out,going,out
1323,5,-21.0000,0.0000,0.0000,0,0,0,0.0573,going,going,going
1324,6,-16.0000,2.0000,0.0000,0,0,0,0.0611,going,going,going
1325,5,-1.0000,6.0000,0.0000,0,0,0,0.0642,going,out,going
1326,1,-5.0000,0.0000,0.0000,0,0,0,0.0664,going,out,going
1327,7,-17.0000,2.0000,0.0000,0,0,0,0.0578,out,going,going
1328,10,-7.0000,6.0000,0.0000,0,0,0,0.0576,going,going,going
1329,4,-2.0000,2.0000,0.0000,0,0,0,0.0581,going,out,out
1330,7,-30.0000,2.0000,0.0000,0,0,0,0.0503,going,going,out
1331,5,-19.5000,2.0000,0.0000,0,0,0,0.0656,out,out,going
1332,7,-10.5000,2.0000,0.0000,0,0,0,0.0508,out,going,out
1333,12,-53.5000,0.0000,0.0000,0,0,0,0.0576,going,going,out
1334,8,-27.0000,2.0000,0.0000,0,0,0,0.0521,going,out,going
1335,8,-7.0000,2.0000,0.0000,0,0,0,0.0608,going,going,going
1336,5,-4.0000,2.0000,0.0000,0,0,0,0.0560,landed,out,going
1337,10,-21.5000,2.0000,0.0000,0,0,0,0.0502,collision,going,out
1338,4,-7.0000,2.0000,0.0000,0,0,0,0.0596,going,out,going
1339,7,-13.0000,2.0000,0.0000,0,0,0,0.0567,landed,out,out
1340,7,-21.5000,2.0000,0.0000,0,0,0,0.0541,out,landed,going
1341,7,-19.5000,2.0000,0.0000,0,0,0,0.0622,going,going,out
1342,4,-16.0000,2.0000,0.0000,0,0,0,0.0619,going,out,going
1343,6,-22.0000,0.0000,0.0000,0,0,0,0.0466,out,out,going
1344,7,-15.5000,2.0000,0.0000,0,0,0,0.0563,going,going,going
1345,8,-16.0000,6.0000,0.0000,0,0,0,0.0528,out,going,going
1346,13,-32.0000,2.0000,0.0000,0,0,0,0.0533,going,landed,going
1347,13,-31.5000,0.0000,0.0000,0,0,0,0.0558,going,landed,going
1348,9,-31.5000,2.0000,0.0000,0,0,0,0.0566,going,going,going
1349,7,-7.5000,2.0000,0.0000,0,0,0,0.0507,going,going,going
1350,5,8.0000,6.0000,0.0000,0,0,0,0.0613,going,out,going
1351,4,-11.0000,0.0000,0.0000,0,0,0,0.0428,going,landed,going
1352,6,-3.0000,2.0000,0.0000,0,0,0,0.0675,going,out,out
1353,4,-12.0000,0.0000,0.0000,0,0,0,0.0688,landed,out,going
1354,8,-11.0000,2.0000,0.0000,0,0,0,0.0594,going,landed,going
1355,8,-19.0000,2.0000,0.0000,0,0,0,0.0561,going,going,out
1356,5,-9.0000,2.0000,0.0000,0,0,0,0.0464,going,landed,going
1357,5,-9.0000,2.0000,0.0000,0,0,0,0.0496,going,landed,going
1358,7,-14.5000,2.0000,0.0000,0,0,0,0.0553,out,going,going
1359,7,-22.0000,2.0000,0.0000,0,0,0,0.0665,going,out,out
1360,7,-15.0000,2.0000,0.0000,0,0,0,0.0510,going,going,going
1361,14,-20.0000,2.0000,0.0000,0,0,0,0.0662,landed,out,going
1362,6,-16.0000,2.0000,0.0000,0,0,0,0.0494,out,going,going
1363,7,-30.0000,0.0000,0.0000,0,0,0,0.0589,going,going,out
1364,8,-20.0000,2.0000,0.0000,0,0,0,0.0558,going,landed,going
1365,13,-32.0000,2.0000,0.0000,0,0,0,0.0585,going,going,out
1366,19,-38.5000,2.0000,0.0000,0,0,0,0.0457,going,going,going
1367,5,-5.0000,2.0000,0.0000,0,0,0,0.0653,going,out,going
1368,6,-23.0000,0.0000,0.0000,0,0,0,0.0685,going,out,out
1369,11,-5.0000,2.0000,0.0000,0,0,0,0.0632,going,out,going
1370,7,-30.0000,0.0000,0.0000,0,0,0,0.0525,landed,going,going
1371,7,-18.0000,2.0000,0.0000,0,0,0,0.0537,out,going,going
1372,5,-14.5000,2.0000,0.0000,0,0,0,0.0568,going,out,going
1373,5,-1.0000,2.0000,0.0000,0,0,0,0.0509,going,landed,going
1374,6,-32.0000,0.0000,0.0000,0,0,0,0.0538,going,going,out
1375,6,-1.0000,2.0000,0.0000,0,0,0,0.0532,going,going,out
1376,7,-4.0000,2.0000,0.0000,0,0,0,0.0576,going,going,going
1377,4,-7.0000,2.0000,0.0000,0,0,0,0.0532,out,out,out
1378,6,-16.0000,2.0000,0.0000,0,0,0,0.0574,going,going,out
1379,11,-9.0000,6.0000,0.0000,0,0,0,0.0502,landed,out,out
1380,8,-21.0000,0.0000,0.0000,0,0,0,0.0522,going,going,out
1381,7,5.5000,6.0000,0.0000,0,0,0,0.0599,going,landed,out
1382,7,-12.0000,2.0000,0.0000,0,0,0,0.0576,going,landed,out
1383,7,-14.0000,6.0000,0.0000,0,0,0,0.0594,out,out,going
1384,5,-18.0000,0.0000,0.0000,0,0,0,0.0622,going,out,going
1385,10,-23.6000,2.0000,0.0000,0,0,0,0.0579,out,out,out
1386,7,-26.5000,0.0000,0.0000,0,0,0,0.0580,going,out,out
1387,5,-9.0000,2.0000,0.0000,0,0,0,0.0481,going,landed,going
1388,6,-11.5000,2.0000,0.0000,0,0,0,0.0638,going,out,out
1389,6,-8.0000,2.0000,0.0000,0,0,0,0.0550,going,landed,out
1390,9,-15.0000,2.0000,0.0000,0,0,0,0.0581,going,out,out
1391,7,-22.0000,2.0000,0.0000,0,0,0,0.0605,going,going,out
1392,11,-46.0000,2.0000,0.0000,0,0,0,0.0586,landed,going,going
1393,4,-11.0000,0.0000,0.0000,0,0,0,0.0638,going,out,out
1394,4,-11.0000,0.0000,0.0000,0,0,0,0.0657,going,out,going
1395,6,-3.0000,2.0000,0.0000,0,0,0,0.0613,going,out,out
1396,6,-18.0000,0.0000,0.0000,0,0,0,0.0549,going,going,out
1397,18,-68.1000,2.0000,0.0000,0,0,0,0.0558,going,landed,going
1398,8,-19.0000,2.0000,0.0000,0,0,0,0.0609,going,going,out
1399,7,-9.0000,2.0000,0.0000,0,0,0,0.0630,going,landed,going
1400,8,-10.0000,2.0000,0.0000,0,0,0,0.0520,going,going,going
1401,7,-30.0000,6.0000,0.0000,0,0,0,0.0457,out,going,going
1402,8,-20.0000,2.0000,0.0000,0,0,0,0.0558,collision,going,out
1403,7,-10.0000,2.0000,0.0000,0,0,0,0.0562,going,going,going
1404,8,-15.0000,2.0000,0.0000,0,0,0,0.0567,going,going,out
1405,23,-94.5000,2.0000,0.0000,0,0,0,0.0586,going,going,out
1406,11,-33.0000,0.0000,0.0000,0,0,0,0.0529,out,landed,going
1407,4,-20.0000,0.0000,0.0000,0,0,0,0.0555,going,going,going
1408,12,-23.0000,2.0000,0.0000,0,0,0,0.0623,out,landed,out
1409,7,-36.0000,0.0000,0.0000,0,0,0,0.0566,going,going,landed
1410,8,-19.0000,0.0000,0.0000,0,0,0,0.0491,going,going,going
1411,11,-42.0000,2.0000,0.0000,0,0,0,0.0556,going,out,out
1412,13,-29.0000,2.0000,0.0000,0,0,0,0.0511,going,going,going
1413,8,-22.2000,0.9000,0.0000,0,0,0,0.0570,going,out,going
1414,11,-40.0000,0.0000,0.0000,0,0,0,0.0628,going,going,out
1415,3,-10.0000,2.0000,0.0000,0,0,0,0.0500,out,landed,out
1416,5,-6.0000,2.0000,0.0000,0,0,0,0.0529,going,going,out
1417,14,-40.0000,2.0000,0.0000,0,0,0,0.0492,going,landed,out
1418,6,-24.0000,2.0000,0.0000,0,0,0,0.0599,out,out,going
1419,10,-21.0000,6.0000,0.0000,0,0,0,0.0659,going,going,out
1420,8,-10.0000,2.0000,0.0000,0,0,0,0.0584,landed,out,going
1421,11,-42.0000,0.0000,0.0000,0,0,0,0.0612,going,out,going
1422,5,-10.0000,2.0000,0.0000,0,0,0,0.0496,going,landed,out
1423,8,-12.5000,2.0000,0.0000,0,0,0,0.0527,going,going,going
1424,8,-19.5000,0.0000,0.0000,0,0,0,0.0512,going,going,going
1425,12,-34.0000,2.0000,0.0000,0,0,0,0.0615,going,going,out
1426,7,-14.0000,2.0000,0.0000,0,0,0,0.0616,going,going,going
1427,7,-17.0000,0.0000,0.0000,0,0,0,0.0598,going,landed,going
1428,4,-12.0000,0.0000,0.0000,0,0,0,0.0539,going,out,out
1429,3,-5.0000,2.0000,0.0000,0,0,0,0.0620,out,out,going
1430,6,-7.0000,2.0000,0.0000,0,0,0,0.0598,going,going,out
1431,7,-28.0000,0.0000,0.0000,0,0,0,0.0462,out,going,landed
1432,5,-13.0000,0.0000,0.0000,0,0,0,0.0552,going,landed,going
1433,3,-5.0000,2.0000,0.0000,0,0,0,0.0521,going,landed,going
1434,5,-24.0000,0.0000,0.0000,0,0,0,0.0513,going,out,landed
1435,7,-22.0000,2.0000,0.0000,0,0,0,0.0568,going,going,out
1436,5,-5.5000,3.0000,0.0000,0,0,0,0.0542,going,going,going
1437,4,-6.0000,2.0000,0.0000,0,0,0,0.0634,going,out,going
1438,13,-47.5000,0.0000,0.0000,0,0,0,0.0507,going,landed,going
1439,6,-10.5000,2.0000,0.0000,0,0,0,0.0626,going,going,out
1440,4,-7.0000,2.0000,0.0000,0,0,0,0.0563,going,out,going
1441,4,-3.0000,2.0000,0.0000,0,0,0,0.0572,going,out,going
1442,5,-10.0000,2.0000,0.0000,0,0,0,0.0514,going,going,going
1443,6,-11.0000,2.0000,0.0000,0,0,0,0.0593,going,out,going
1444,7,-38.0000,0.0000,0.0000,0,0,0,0.0650,out,out,out
1445,6,5.0000,2.0000,0.0000,0,0,0,0.0698,going,landed,out
1446,6,-12.5000,2.0000,0.0000,0,0,0,0.0582,out,going,out
1447,10,-18.0000,2.0000,0.0000,0,0,0,0.0515,going,landed,going
1448,5,-5.0000,2.0000,0.0000,0,0,0,0.0576,going,landed,going
1449,5,-13.0000,0.0000,0.0000,0,0,0,0.0563,out,landed,out
1450,7,-10.5000,2.0000,0.0000,0,0,0,0.0594,going,landed,out
1451,5,-13.0000,0.0000,0.0000,0,0,0,0.0547,going,landed,going
1452,8,-31.0000,0.0000,0.0000,0,0,0,0.0695,going,landed,out
1453,8,-11.0000,6.0000,0.0000,0,0,0,0.0576,going,out,out
1454,3,-9.0000,0.0000,0.0000,0,0,0,0.0465,going,landed,going
1455,5,-10.0000,2.0000,0.0000,0,0,0,0.0612,going,out,going
1456,7,-25.5000,2.0000,0.0000,0,0,0,0.0432,going,going,going
1457,8,-31.0000,2.0000,0.0000,0,0,0,0.0640,going,going,out
1458,9,-18.0000,2.0000,0.0000,0,0,0,0.0529,going,going,going
1459,11,-42.5000,0.0000,0.0000,0,0,0,0.0541,landed,landed,going
1460,5,-9.0000,2.0000,0.0000,0,0,0,0.0568,out,going,out
1461,4,-3.0000,2.0000,0.0000,0,0,0,0.0607,going,out,out
1462,6,-15.0000,0.0000,0.0000,0,0,0,0.0617,out,going,going
1463,8,-15.0000,2.0000,0.0000,0,0,0,0.0571,going,going,out
1464,6,-12.0000,2.0000,0.0000,0,0,0,0.0639,going,going,out
1465,18,-36.0000,2.0000,0.0000,0,0,0,0.0534,going,going,going
1466,8,-9.1000,2.0000,0.0000,0,0,0,0.0554,going,going,out
1467,2,-9.0000,0.0000,0.0000,0,0,0,0.0669,landed,going,going
1468,6,-19.0000,2.0000,0.0000,0,0,0,0.0614,going,going,out
1469,8,-29.5000,2.0000,0.0000,0,0,0,0.0670,going,landed,out
1470,5,-6.1000,2.0000,0.0000,0,0,0,0.0531,landed,going,going
1471,7,-18.0000,6.0000,0.0000,0,0,0,0.0673,going,going,out
1472,4,-7.0000,2.0000,0.0000,0,0,0,0.0548,out,going,going
1473,8,-32.0000,0.0000,0.0000,0,0,0,0.0577,going,going,going
1474,9,-30.0000,0.0000,0.0000,0,0,0,0.0484,going,going,out
1475,6,-3.0000,2.0000,0.0000,0,0,0,0.0560,going,out,going
1476,8,-29.0000,2.0000,0.0000,0,0,0,0.0485,going,going,out
1477,4,-7.0000,2.0000,0.0000,0,0,0,0.0500,going,going,going
1478,5,-16.5000,2.0000,0.0000,0,0,0,0.0550,going,out,out
1479,4,-11.0000,0.0000,0.0000,0,0,0,0.0643,landed,going,out
1480,11,-38.0000,0.0000,0.0000,0,0,0,0.0549,going,going,out
1481,4,-11.0000,0.0000,0.0000,0,0,0,0.0592,going,out,out
1482,9,-18.0000,2.0000,0.0000,0,0,0,0.0437,going,going,out
1483,10,-36.0000,2.0000,0.0000,0,0,0,0.0468,landed,going,out
1484,10,-18.1000,6.0000,0.0000,0,0,0,0.0592,going,going,out
1485,8,-5.6000,2.0000,0.0000,0,0,0,0.0452,going,going,going
1486,3,-7.0000,2.0000,0.0000,0,0,0,0.0492,going,out,going
1487,10,-26.0000,2.0000,0.0000,0,0,0,0.0550,going,going,out
1488,12,-41.5000,2.0000,0.0000,0,0,0,0.0529,going,going,out
1489,15,-28.0000,2.0000,0.0000,0,0,0,0.0512,going,out,out
1490,6,-4.0000,6.0000,0.0000,0,0,0,0.0658,going,out,out
1491,13,-38.5000,2.0000,0.0000,0,0,0,0.0635,going,out,out
1492,6,-24.0000,0.0000,0.0000,0,0,0,0.0544,going,going,out
1493,1,-5.0000,0.0000,0.0000,0,0,0,0.0685,landed,out,going
1494,8,-21.5000,2.0000,0.0000,0,0,0,0.0635,going,landed,going
1495,7,-26.0000,2.0000,0.0000,0,0,0,0.0551,going,out,going
1496,9,-10.5000,2.0000,0.0000,0,0,0,0.0559,going,going,going
1497,11,-16.0000,2.0000,2.7160,0,0,0,0.0217,going,going,out
1498,10,16.5000,6.0000,2.7920,0,0,0,-0.1944,going,out,out
1499,3,-5.0000,2.0000,2.5671,0,0,0,-0.3591,going,going,out
1500,6,0.0000,6.0000,2.4747,0,0,0,-0.4824,out,going,out
